month,category,creditor,amount_due,amount_paid,unpaid_balance,source_documents,confidence
2024-01,insurance,,2282.31,,,00_INBOX - Входящи - Eingang/Accounting_Organized/02_Payroll/10001_09-2024_Brutto_NettoProbe_00051_QZ1.pdf,HIGH
2024-10,insurance,,702400.72,516.00,,00_INBOX - Входящи - Eingang/Accounting_Organized/02_Payroll/10001_09-2024_Brutto_NettoProbe_00107_QZ1.pdf,HIGH
2025-04,accounting fees,,,,,00_INBOX - Входящи - Eingang/Accounting_Organized/02_Payroll/working hours 04.2025.xlsx,LOW
2025-06,accounting fees,,,,,00_INBOX - Входящи - Eingang/Accounting_Organized/02_Payroll/working hours 06.2025  Копие.xlsx,LOW
2023-01,accounting fees,,,,,00_INBOX - Входящи - Eingang/Accounting_Organized/02_Payroll/working hours 12.2024.xlsx,LOW
2021-02,vehicle costs,,10.02,,,00_INBOX - Входящи - Eingang/Accounting_Organized/04_Health_Insurance/02-2021 #9109.pdf,HIGH
2022-03,vehicle costs,,9.03,,,00_INBOX - Входящи - Eingang/Accounting_Organized/04_Health_Insurance/02-2022 #9109.pdf,HIGH
2023-03,fuel,,7.03,,1.23,00_INBOX - Входящи - Eingang/Accounting_Organized/04_Health_Insurance/02-2023 #9109.pdf,HIGH
2021-04,vehicle costs,,12.04,,,00_INBOX - Входящи - Eingang/Accounting_Organized/04_Health_Insurance/04-2021 #9109.pdf,HIGH
2022-05,vehicle costs,,9.05,,,00_INBOX - Входящи - Eingang/Accounting_Organized/04_Health_Insurance/04-2022 #9109.pdf,HIGH
2021-06,vehicle costs,,11.06,,-433.08,00_INBOX - Входящи - Eingang/Accounting_Organized/04_Health_Insurance/06-2021 #9109.pdf,HIGH
2022-07,fuel,,5.07,,-30.30,00_INBOX - Входящи - Eingang/Accounting_Organized/04_Health_Insurance/06-2022 #9109.pdf,HIGH
2021-07,vehicle costs,,14.07,,-433.08,00_INBOX - Входящи - Eingang/Accounting_Organized/04_Health_Insurance/07-2021 #9109.pdf,HIGH
2022-08,fuel,,9.09,,19.08,00_INBOX - Входящи - Eingang/Accounting_Organized/04_Health_Insurance/07-2022 #9109.pdf,HIGH
2021-08,vehicle costs,,8.09,,,00_INBOX - Входящи - Eingang/Accounting_Organized/04_Health_Insurance/09-2021 #9109.pdf,HIGH
2022-10,fuel,,28.10,,30.09,00_INBOX - Входящи - Eingang/Accounting_Organized/04_Health_Insurance/10-2022 #9109.pdf,HIGH
2021-08,fuel,,2.11,,-41.60,00_INBOX - Входящи - Eingang/Accounting_Organized/04_Health_Insurance/11-2021 #9109.pdf,HIGH
2021-12,fuel,,27.12,,,00_INBOX - Входящи - Eingang/Accounting_Organized/04_Health_Insurance/12-2021 #9109.pdf,HIGH
2022-12,fuel,,12.12,,-23.43,00_INBOX - Входящи - Eingang/Accounting_Organized/04_Health_Insurance/12-2022 #9109.pdf,HIGH
2025-01,insurance,,,,,00_INBOX - Входящи - Eingang/Accounting_Organized/04_Health_Insurance/12-2024_Brutto_Netto_00090_X0B.pdf,LOW
2024-01,insurance,,,,,00_INBOX - Входящи - Eingang/Accounting_Organized/04_Health_Insurance/3.0.2_920_v6.2_20240101_gebuehrenordnung_pq_kep.pdf,LOW
2025-05,insurance,,,,,00_INBOX - Входящи - Eingang/Accounting_Organized/04_Health_Insurance/38389 - Vorgangsmappe Lohn - Contributions 28.05.2025.docx,LOW
2022-02,insurance,,8.02,,,00_INBOX - Входящи - Eingang/Accounting_Organized/04_Health_Insurance/aktuelle Unbedenklichkeitsbescheinigungen.pdf,HIGH
,fuel,,,,,00_INBOX - Входящи - Eingang/Accounting_Organized/04_Health_Insurance/Anforderung einer regelmäßigen Unbedenklichkeitsbescheinigung im Abonnement.pdf,LOW
2025-01,insurance,,,,,00_INBOX - Входящи - Eingang/Accounting_Organized/04_Health_Insurance/Antrag Freischaltung Mein AOK Arbeitgeberservice.pdf,LOW
2025-04,insurance,,,,,00_INBOX - Входящи - Eingang/Accounting_Organized/04_Health_Insurance/Contributions 02.04.2025.docx,LOW
2025-03,insurance,,,13649.05,,00_INBOX - Входящи - Eingang/Accounting_Organized/04_Health_Insurance/Contributions 03.03.2025.docx,MEDIUM
2025-03,insurance,,,,,00_INBOX - Входящи - Eingang/Accounting_Organized/04_Health_Insurance/Contributions 13.03.2025(1).docx,LOW
2025-03,insurance,,,,,00_INBOX - Входящи - Eingang/Accounting_Organized/04_Health_Insurance/Contributions 13.03.2025.docx,LOW
2025-02,insurance,,,13649.05,,00_INBOX - Входящи - Eingang/Accounting_Organized/04_Health_Insurance/Contributions 19.02.2025.docx,MEDIUM
,insurance,,41544.44,13447.05,,00_INBOX - Входящи - Eingang/Accounting_Organized/04_Health_Insurance/Contributions.docx,MEDIUM
2024-09,insurance,,88.53,,,00_INBOX - Входящи - Eingang/Accounting_Organized/04_Health_Insurance/Remaining health insurances for 09_2024 und 10_2024.eml,MEDIUM
2026-03,vehicle costs,vertreter,31.08,5.20,2494.00,00_INBOX - Входящи - Eingang/Accounting_Organized/04_Health_Insurance/Tabelle nach § 175 InsO mit Grund des Bestreitens.pdf,HIGH
2024-09,insurance,,,,,00_INBOX - Входящи - Eingang/Accounting_Organized/04_Health_Insurance/UB.pdf,LOW
2025-12,insurance,,2052.97,,,00_INBOX - Входящи - Eingang/Accounting_Organized/04_Health_Insurance/Vasilev_Test Pay Slip.pdf,HIGH
2022-01,vehicle costs,,2912.00,,,00_INBOX - Входящи - Eingang/Accounting_Organized/05_Taxes/2022 Arbeitgeberbestätigung zu den Arbeitstagen.pdf,HIGH
2023-01,vehicle costs,,3080.00,,,00_INBOX - Входящи - Eingang/Accounting_Organized/05_Taxes/2023 Arbeitgeberbestätigung zu den Arbeitstagen.pdf,HIGH
,accounting fees,,,,,00_INBOX - Входящи - Eingang/Accounting_Organized/05_Taxes/38389 - Vorgangsmappe Lohn - 38389 - Aktualisiert- Auszahlungen Inflationsprämie.xlsx,LOW
2023-10,vehicle costs,,30281.89,,10.01,00_INBOX - Входящи - Eingang/Accounting_Organized/05_Taxes/39922 - Accountings 11-2023.pdf,HIGH
2023-12,vehicle costs,,25150.59,,17.02,00_INBOX - Входящи - Eingang/Accounting_Organized/05_Taxes/40578 - Accountings 12-2023.pdf,HIGH
2024-02,vehicle costs,,18516.48,,13.04,00_INBOX - Входящи - Eingang/Accounting_Organized/05_Taxes/41467 - Accountings 02-2024.pdf,HIGH
2023-10,insurance,,30.10,,20.00,00_INBOX - Входящи - Eingang/Accounting_Organized/05_Taxes/90f3df27-1ca1-4b3a-9f1b-e33ffd37f10a.pdf,HIGH
2024-11,vehicle costs,,20797.47,,11.03,00_INBOX - Входящи - Eingang/Accounting_Organized/05_Taxes/Accountings 01-2024.pdf,HIGH
2025-01,vehicle costs,,24159.32,,14.03,00_INBOX - Входящи - Eingang/Accounting_Organized/05_Taxes/Accountings 01-2025.pdf,HIGH
2025-10,vehicle costs,,22523.36,,10.04,00_INBOX - Входящи - Eingang/Accounting_Organized/05_Taxes/Accountings 02-2025.pdf,HIGH
2024-11,vehicle costs,,22853.99,,11.06,00_INBOX - Входящи - Eingang/Accounting_Organized/05_Taxes/Accountings 04-2024.pdf,HIGH
2024-11,vehicle costs,,24018.01,,11.07,00_INBOX - Входящи - Eingang/Accounting_Organized/05_Taxes/Accountings 05-2024.pdf,HIGH
2024-10,vehicle costs,,23553.36,,10.08,00_INBOX - Входящи - Eingang/Accounting_Organized/05_Taxes/Accountings 06-2024.pdf,HIGH
2024-07,vehicle costs,,23067.09,,7.09,00_INBOX - Входящи - Eingang/Accounting_Organized/05_Taxes/Accountings 07-2024.pdf,HIGH
2024-09,vehicle costs,,22536.76,,19.11,00_INBOX - Входящи - Eingang/Accounting_Organized/05_Taxes/Accountings 09-2024.pdf,HIGH
2024-10,vehicle costs,,24226.58,,10.12,00_INBOX - Входящи - Eingang/Accounting_Organized/05_Taxes/Accountings 10-2024.pdf,HIGH
2024-11,vehicle costs,,27948.98,,14.03,00_INBOX - Входящи - Eingang/Accounting_Organized/05_Taxes/Accountings 11-2024.pdf,HIGH
2024-12,vehicle costs,,23984.73,,14.03,00_INBOX - Входящи - Eingang/Accounting_Organized/05_Taxes/Accountings 12-2024.pdf,HIGH
,fuel,,,,,00_INBOX - Входящи - Eingang/Accounting_Organized/05_Taxes/agb_doc.pdf,LOW
2025-09,vehicle costs,,797.30,,,00_INBOX - Входящи - Eingang/Accounting_Organized/05_Taxes/Rechnung_RE058675_11.08.2025.pdf,HIGH
2024-03,repairs,,0.00,,,00_INBOX - Входящи - Eingang/Accounting_Organized/05_Taxes/Voransicht2023_89878877.pdf,HIGH
,fuel,,,,,00_INBOX - Входящи - Eingang/Accounting_Organized/05_Taxes/widerruf_doc.pdf,LOW
2025-03,accounting fees,,,,,00_INBOX - Входящи - Eingang/Accounting_Organized/05_Taxes/working hours 03.2025.xlsx,LOW
2022-11,vehicle costs,,30.12,,,00_INBOX - Входящи - Eingang/Accounting_Organized/06_Bank_Payments/01-2023 #9120.pdf,HIGH
2022-02,vehicle costs,,8.03,,,00_INBOX - Входящи - Eingang/Accounting_Organized/06_Bank_Payments/02-2022 #9120.pdf,HIGH
2023-03,fuel,,,,15.03,00_INBOX - Входящи - Eingang/Accounting_Organized/06_Bank_Payments/03-2023 #9120.pdf,HIGH
2022-04,vehicle costs,,9.05,,,00_INBOX - Входящи - Eingang/Accounting_Organized/06_Bank_Payments/04-2022 #9120.pdf,HIGH
2022-06,fuel,,4.07,,0.86,00_INBOX - Входящи - Eingang/Accounting_Organized/06_Bank_Payments/06-2022 #9120.pdf,HIGH
2022-08,fuel,,7.09,,-36.00,00_INBOX - Входящи - Eingang/Accounting_Organized/06_Bank_Payments/07-2022 #9120.pdf,HIGH
2022-10,fuel,,26.10,,-25.41,00_INBOX - Входящи - Eingang/Accounting_Organized/06_Bank_Payments/10-2022 #9120.pdf,HIGH
2022-12,vehicle costs,,12.12,,-25.41,00_INBOX - Входящи - Eingang/Accounting_Organized/06_Bank_Payments/12-2022 #9120.pdf,HIGH
2024-01,accounting fees,,435.00,,,00_INBOX - Входящи - Eingang/Accounting_Organized/06_Bank_Payments/20240123_60222_10160_Rechnung.pdf,HIGH
2018-05,fuel,-Identifikationsnummer: DE63ZZZ00000008438,,,,00_INBOX - Входящи - Eingang/Accounting_Organized/06_Bank_Payments/BIG_Arbeitgeber_SEPA_Lastschriftmandat.pdf,LOW
2024-09,phone,-Id,10.99,,,00_INBOX - Входящи - Eingang/Accounting_Organized/06_Bank_Payments/Favorit MP Martin Zahariev _4025268_vom_01.09.2024.pdf,HIGH
2024-11,phone,-Id,10.99,,,00_INBOX - Входящи - Eingang/Accounting_Organized/06_Bank_Payments/Favorit MP Martin Zahariev _4026904_vom_01.11.2024.pdf,HIGH
2025-03,phone,-Id,11.99,,,00_INBOX - Входящи - Eingang/Accounting_Organized/06_Bank_Payments/Favorit MP Martin Zahariev _4029768_vom_01.03.2025.pdf,HIGH
2025-04,phone,-Id,11.99,,,00_INBOX - Входящи - Eingang/Accounting_Organized/06_Bank_Payments/Favorit MP Martin Zahariev _4030475_vom_01.04.2025.pdf,HIGH
2025-08,phone,-Id,11.99,,,00_INBOX - Входящи - Eingang/Accounting_Organized/06_Bank_Payments/Favorit MP Martin Zahariev _4033045_vom_01.08.2025.pdf,HIGH
2025-09,phone,-Id,11.99,,,00_INBOX - Входящи - Eingang/Accounting_Organized/06_Bank_Payments/Favorit MP Martin Zahariev _4034294_vom_01.09.2025.pdf,HIGH
2025-07,phone,,1.06,,,00_INBOX - Входящи - Eingang/Accounting_Organized/06_Bank_Payments/Favorit MP Martin Zahariev _9005483_vom_04.07.2025.pdf,HIGH
2024-03,phone,-ID: DE07ZZZ00000843064,,,,00_INBOX - Входящи - Eingang/Accounting_Organized/06_Bank_Payments/KD-Nr. 550980 - Aktivierung Ihres SEPA-Mandats.PDF,LOW
2025-08,fuel,-Identifikationsnummer,20.07,,,00_INBOX - Входящи - Eingang/Accounting_Organized/06_Bank_Payments/KD-Nr. 550980 - Pre-Not._Nr. 6102600491.PDF,HIGH
2025-09,fuel,-Identifikationsnummer,20.08,,,00_INBOX - Входящи - Eingang/Accounting_Organized/06_Bank_Payments/KD-Nr. 550980 - Pre-Not._Nr. 6102659867.PDF,HIGH
2025-09,fuel,-Identifikationsnummer,31.07,,,00_INBOX - Входящи - Eingang/Accounting_Organized/06_Bank_Payments/KD-Nr. 550980 - Pre-Not._Nr. 6102665850.PDF,HIGH
2025-09,fuel,-Identifikationsnummer,31.08,,,00_INBOX - Входящи - Eingang/Accounting_Organized/06_Bank_Payments/KD-Nr. 550980 - Pre-Not._Nr. 6102698674.PDF,HIGH
,fuel,,1928.00,,,00_INBOX - Входящи - Eingang/Accounting_Organized/06_Bank_Payments/Rechnung RE211073-1.pdf,HIGH
,fuel,,1928.00,,,00_INBOX - Входящи - Eingang/Accounting_Organized/06_Bank_Payments/Rechnung RE211073.pdf,HIGH
2025-09,phone,,895.36,,,00_INBOX - Входящи - Eingang/Accounting_Organized/06_Bank_Payments/Rücklastschrift _ Ihre KD-Nr. 550980-1.PDF,HIGH
2025-09,phone,,546.15,,,00_INBOX - Входящи - Eingang/Accounting_Organized/06_Bank_Payments/Rücklastschrift _ Ihre KD-Nr. 550980-2.PDF,HIGH
2025-09,phone,,812.26,,,00_INBOX - Входящи - Eingang/Accounting_Organized/06_Bank_Payments/Rücklastschrift _ Ihre KD-Nr. 550980.PDF,HIGH
2025-03,accounting fees,,2520.00,,,00_INBOX - Входящи - Eingang/Accounting_Organized/06_Bank_Payments/Schwerbehindertenabgabe _Überweisungsdaten.pdf,HIGH
2023-03,accounting fees,,1680.00,,,00_INBOX - Входящи - Eingang/Accounting_Organized/06_Bank_Payments/ueberweisung2022_89878877_20240612110113.pdf,HIGH
2024-02,accounting fees,Nr.: 2000016306,826119991.48,,,00_INBOX - Входящи - Eingang/Accounting_Organized/06_Bank_Payments/Zahlungsavis 8345-1440-1.pdf,HIGH
2025-07,accounting fees,,30.06,,,00_INBOX - Входящи - Eingang/Accounting_Organized/06_Bank_Payments/Zahlungsavis Zahariev Juni 2025.pdf,HIGH
2024-02,fuel,,991.96,,,00_INBOX - Входящи - Eingang/Accounting_Organized/08_Operating_Costs/307538032.pdf,HIGH
2023-12,insurance,,28.12,,20.00,"00_INBOX - Входящи - Eingang/Accounting_Organized/08_Operating_Costs/39739 - Rechnung 231128_2023 vom 28.12.2023, Aufträge 31_23, 32_23, 33_23, 34_23, 50_23, 98_23, Mandant 42303.pdf",HIGH
2024-02,insurance,,17.02,,20.00,"00_INBOX - Входящи - Eingang/Accounting_Organized/08_Operating_Costs/40579 - Rechnung 240155_2024 vom 17.02.2024, Aufträge 31_23, 33_23, 34_23, Mandant 42303.pdf",HIGH
2024-01,insurance,,29.01,,20.00,"00_INBOX - Входящи - Eingang/Accounting_Organized/08_Operating_Costs/40850 - Rechnung 240213_2024 vom 29.01.2024, Aufträge 31_24, 32_23, 33_23, 33_24, 34_24, 98_24, Mandant 42303.pdf",HIGH
2024-03,insurance,,27.03,,20.00,"00_INBOX - Входящи - Eingang/Accounting_Organized/08_Operating_Costs/41261 - Rechnung 240303_2024 vom 27.03.2024, Aufträge 31_24, 33_24, 34_24, Mandant 42303.pdf",HIGH
2024-04,insurance,,30.04,,20.00,"00_INBOX - Входящи - Eingang/Accounting_Organized/08_Operating_Costs/41683 - Rechnung 240393_2024 vom 30.04.2024, Aufträge 31_24, 32_24, 33_24, 34_24, 98_24, Mandant 42303.pdf",HIGH
2024-05,insurance,,30.05,,20.00,"00_INBOX - Входящи - Eingang/Accounting_Organized/08_Operating_Costs/42108 - Rechnung 240498_2024 vom 30.05.2024, Aufträge 21_24, 31_24, 32_24, 33_24, 34_24, Mandant 42303.pdf",HIGH
2024-06,insurance,,29.06,,20.00,"00_INBOX - Входящи - Eingang/Accounting_Organized/08_Operating_Costs/42585 - Rechnung 240587_2024 vom 29.06.2024, Aufträge 31_24, 33_23, 33_24, 34_24, Mandant 42303-1.pdf",HIGH
2024-07,insurance,,31.07,,20.00,"00_INBOX - Входящи - Eingang/Accounting_Organized/08_Operating_Costs/43029 - Rechnung 240697_2024 vom 31.07.2024, Aufträge 21_23, 21_24, 31_22, 31_23, 31_24, 33_24, 34_24, Mandant 42303.pdf",HIGH
2024-08,insurance,,30.08,,20.00,"00_INBOX - Входящи - Eingang/Accounting_Organized/08_Operating_Costs/43617 - Rechnung 240857_2024 vom 30.08.2024, Aufträge 31_24, 32_24, 33_24, 34_24, Mandant 42303.pdf",HIGH
2024-10,insurance,,30.10,,20.00,"00_INBOX - Входящи - Eingang/Accounting_Organized/08_Operating_Costs/44458 - Rechnung 241068_2024 vom 30.10.2024, Aufträge 31_24, 33_24, 34_24, Mandant 42303.pdf",HIGH
2024-11,insurance,,29.11,,20.00,"00_INBOX - Входящи - Eingang/Accounting_Organized/08_Operating_Costs/45027 - Rechnung 241185_2024 vom 29.11.2024, Aufträge 31_24, 33_24, 34_24, Mandant 42303.pdf",HIGH
2024-12,insurance,,27.12,,20.00,"00_INBOX - Входящи - Eingang/Accounting_Organized/08_Operating_Costs/45474 - Rechnung 241289_2024 vom 27.12.2024, Aufträge 21_24, 31_24, 32_24, 33_24, 34_24, 35_21, 35_24, 50_24, 98_24, Mandant 42303.pdf",HIGH
2025-03,insurance,,14.03,,20.00,"00_INBOX - Входящи - Eingang/Accounting_Organized/08_Operating_Costs/46583 - Rechnung 250253_2025 vom 14.03.2025, Aufträge 31_25, 33_24, 34_24, 34_25, Mandant 42303.pdf",HIGH
2025-03,accounting fees,,31.03,,20.00,"00_INBOX - Входящи - Eingang/Accounting_Organized/08_Operating_Costs/46851 - Rechnung 250303_2025 vom 31.03.2025, Aufträge 31_25, 33_25, 34_25, Mandant 42303.pdf",HIGH
2025-08,fuel,,5270.35,,,00_INBOX - Входящи - Eingang/Accounting_Organized/08_Operating_Costs/6106074_020725.pdf,HIGH
2025-12,fuel,,9949.77,,,00_INBOX - Входящи - Eingang/Accounting_Organized/08_Operating_Costs/6106074_040625.pdf,HIGH
2025-09,fuel,,1599.35,,,00_INBOX - Входящи - Eingang/Accounting_Organized/08_Operating_Costs/6106074_050825.pdf,HIGH
2024-10,fuel,,18535.34,,,00_INBOX - Входящи - Eingang/Accounting_Organized/08_Operating_Costs/6106074_061224.pdf,HIGH
2025-09,fuel,,18262.14,,,00_INBOX - Входящи - Eingang/Accounting_Organized/08_Operating_Costs/6106074_070225.pdf,HIGH
2024-09,fuel,,17862.56,,,00_INBOX - Входящи - Eingang/Accounting_Organized/08_Operating_Costs/6106074_080125.pdf,HIGH
2025-03,vehicle costs,,13.38,,,00_INBOX - Входящи - Eingang/Accounting_Organized/08_Operating_Costs/BWA 03-2025.pdf,HIGH
2024-09,fuel,,214.00,18.09,,00_INBOX - Входящи - Eingang/Accounting_Organized/08_Operating_Costs/CarlundCarla_RG424005125.pdf,HIGH
2024-09,fuel,,89.00,19.09,,00_INBOX - Входящи - Eingang/Accounting_Organized/08_Operating_Costs/CarlundCarla_RG424005157.pdf,HIGH
2024-09,insurance,,,,,00_INBOX - Входящи - Eingang/Accounting_Organized/08_Operating_Costs/Ihre Lohnauswertungen.eml,LOW
2036-08,rent,,675.92,,,00_INBOX - Входящи - Eingang/Accounting_Organized/08_Operating_Costs/Martin Zahariev Transporte 2036 08.01.2025 Scannermiete.pdf,HIGH
2054-07,rent,,637.84,,,00_INBOX - Входящи - Eingang/Accounting_Organized/08_Operating_Costs/Martin Zahariev Transporte 2054 07.02.2025 Scannermiete.pdf,HIGH
2058-08,rent,,637.84,,,00_INBOX - Входящи - Eingang/Accounting_Organized/08_Operating_Costs/Martin Zahariev Transporte 2058 08.03.2025 Scannermiete.pdf,HIGH
2025-04,rent,,637.84,,,00_INBOX - Входящи - Eingang/Accounting_Organized/08_Operating_Costs/Rechnung 2765 Zahariev Hermes Scannermiete.pdf,HIGH
2025-05,accounting fees,,499.80,,,00_INBOX - Входящи - Eingang/Accounting_Organized/08_Operating_Costs/Rechnung 2777 Zahariev Hermes Unterstützungstouren.pdf,HIGH
2025-05,rent,,599.76,,,00_INBOX - Входящи - Eingang/Accounting_Organized/08_Operating_Costs/Rechnung 2778 Zahariev Hermes Scannermiete.pdf,HIGH
2025-05,accounting fees,,35.70,,,00_INBOX - Входящи - Eingang/Accounting_Organized/08_Operating_Costs/Rechnung 2782 Zahariev Hermes Bearbeitungsgebühr.pdf,HIGH
2025-06,rent,,523.60,,,00_INBOX - Входящи - Eingang/Accounting_Organized/08_Operating_Costs/Rechnung 2788 Zahariev Hermes Scannermiete.pdf,HIGH
2025-06,accounting fees,,8282.40,,,00_INBOX - Входящи - Eingang/Accounting_Organized/08_Operating_Costs/Rechnung 2789 Zahariev TF Touren.pdf,HIGH
2025-06,vehicle costs,,71.40,,,00_INBOX - Входящи - Eingang/Accounting_Organized/08_Operating_Costs/Rechnung 2794 Zahariev KFZ Miete.pdf,HIGH
2025-06,accounting fees,,53.55,,,00_INBOX - Входящи - Eingang/Accounting_Organized/08_Operating_Costs/Rechnung 2799 Bearbeitungsgebühr 10.06.2025 Zahariev.pdf,HIGH
2025-07,accounting fees,,9496.20,,,00_INBOX - Входящи - Eingang/Accounting_Organized/08_Operating_Costs/Rechnung 2810 Zahariev TF Touren.pdf,HIGH
2025-07,rent,,333.20,,,00_INBOX - Входящи - Eingang/Accounting_Organized/08_Operating_Costs/Rechnung 2811 Zahariev scannermiete.pdf,HIGH
2025-07,accounting fees,,47.60,,,00_INBOX - Входящи - Eingang/Accounting_Organized/08_Operating_Costs/Rechnung 2813 zahariev bearbeitungsgebühr.pdf,HIGH
2025-07,accounting fees,,166.60,,,00_INBOX - Входящи - Eingang/Accounting_Organized/08_Operating_Costs/Rechnung 2814 zahariev bekleidung.pdf,HIGH
2023-10,fuel,en-Nr: 2000016306,1709.48,,,00_INBOX - Входящи - Eingang/Accounting_Organized/08_Operating_Costs/Unternehmerabrechnung - VP 120-2300157425.pdf,HIGH
2023-10,fuel,en-Nr: 2000016306,147244.68,,,00_INBOX - Входящи - Eingang/Accounting_Organized/08_Operating_Costs/Unternehmerabrechnung - VP 120-2300157934.pdf,HIGH
2024-01,fuel,en-Nr: 2000016306,104081.50,,,00_INBOX - Входящи - Eingang/Accounting_Organized/08_Operating_Costs/Unternehmerabrechnung - VP 120-2400000826.pdf,HIGH
2024-01,fuel,en-Nr: 2000016306,26176.42,,,00_INBOX - Входящи - Eingang/Accounting_Organized/08_Operating_Costs/Unternehmerabrechnung - VP 120-2400000990.pdf,HIGH
2024-01,fuel,en-Nr: 2000016306,5349.82,,,00_INBOX - Входящи - Eingang/Accounting_Organized/08_Operating_Costs/Unternehmerabrechnung - VP 120-2400001108-1.pdf,HIGH
2024-02,fuel,en-Nr: 2000016306,532.95,,,00_INBOX - Входящи - Eingang/Accounting_Organized/08_Operating_Costs/Unternehmerabrechnung - VP 120-2400017841.pdf,HIGH
2024-02,fuel,en-Nr: 2000016306,4.12,,,00_INBOX - Входящи - Eingang/Accounting_Organized/08_Operating_Costs/Unternehmerabrechnung - VP 120-2400018211.pdf,HIGH
2024-01,fuel,en-Nr: 2000016306,2137.23,,,00_INBOX - Входящи - Eingang/Accounting_Organized/08_Operating_Costs/Unternehmerabrechnung - VP 120-2400035414.pdf,HIGH
2024-01,fuel,en-Nr: 2000016306,511.46,,,00_INBOX - Входящи - Eingang/Accounting_Organized/08_Operating_Costs/Unternehmerabrechnung - VP 120-2400035649.pdf,HIGH
2024-07,accounting fees,,2.06,,,00_INBOX - Входящи - Eingang/Accounting_Organized/09_Enrico_Forwarded/Docutain Dokument.pdf,HIGH
2025-04,accounting fees,,75.91,,,00_INBOX - Входящи - Eingang/Accounting_Organized/09_Enrico_Forwarded/gutschrift 05.04. 2025 zahariev.pdf,HIGH
2024-07,accounting fees,,75.47,,,00_INBOX - Входящи - Eingang/Accounting_Organized/09_Enrico_Forwarded/Gutschrift 24-2024 Zahariev Martin 31.07.2024.pdf,HIGH
2024-09,accounting fees,,74.04,,,00_INBOX - Входящи - Eingang/Accounting_Organized/09_Enrico_Forwarded/Gutschrift 31-2024 Zahariev Martin 30.09.2024.pdf,HIGH
2024-10,accounting fees,,916.00,,,00_INBOX - Входящи - Eingang/Accounting_Organized/09_Enrico_Forwarded/Gutschrift 34-2024 Zahariev Martin 04.10.2024.pdf,HIGH
2024-10,accounting fees,,82.85,,,00_INBOX - Входящи - Eingang/Accounting_Organized/09_Enrico_Forwarded/Gutschrift 38-2024 Zahariev Martin 31.10.2024.pdf,HIGH
2024-11,accounting fees,,97.74,,,00_INBOX - Входящи - Eingang/Accounting_Organized/09_Enrico_Forwarded/Gutschrift 42-2024 Zahariev Martin 30.11.2024.pdf,HIGH
2024-12,accounting fees,,79.08,,,00_INBOX - Входящи - Eingang/Accounting_Organized/09_Enrico_Forwarded/Gutschrift 44-2024 Zahariev Martin 31.12.2024.pdf,HIGH
2025-05,accounting fees,,50.99,,,00_INBOX - Входящи - Eingang/Accounting_Organized/09_Enrico_Forwarded/gutschrift 66 Mai 2025 zahariev.pdf,HIGH
2025-06,accounting fees,,33.77,,,00_INBOX - Входящи - Eingang/Accounting_Organized/09_Enrico_Forwarded/gutschrift 71 2025 zahariev Sendungsverlust.pdf,HIGH
2025-04,accounting fees,,76.54,,,00_INBOX - Входящи - Eingang/Accounting_Organized/09_Enrico_Forwarded/gutschrift April 2025 zahariev.pdf,HIGH
2025-03,accounting fees,,81.11,,,00_INBOX - Входящи - Eingang/Accounting_Organized/09_Enrico_Forwarded/gutschrift märz 2025 zahariev.pdf,HIGH
2025-06,accounting fees,,23.53,,,00_INBOX - Входящи - Eingang/Accounting_Organized/09_Enrico_Forwarded/Gutschrift Zahariev 74 30.06.2025.pdf,HIGH
2024-12,accounting fees,,1.12,,,00_INBOX - Входящи - Eingang/Accounting_Organized/09_Enrico_Forwarded/Leistungsnachweis Dezember Zahariev 2024.pdf,HIGH
2025-02,accounting fees,,1.02,,,00_INBOX - Входящи - Eingang/Accounting_Organized/09_Enrico_Forwarded/Leistungsnachweis Martin Zahariev Februar 2025.pdf,HIGH
2025-01,accounting fees,,1.01,,,00_INBOX - Входящи - Eingang/Accounting_Organized/09_Enrico_Forwarded/Leistungsnachweis Martin Zahariev Januar 2025.pdf,HIGH
2024-11,accounting fees,,1.11,,,00_INBOX - Входящи - Eingang/Accounting_Organized/09_Enrico_Forwarded/Leistungsnachweis November 2024.pdf,HIGH
2024-10,accounting fees,,1.10,,,00_INBOX - Входящи - Eingang/Accounting_Organized/09_Enrico_Forwarded/Leistungsnachweis Oktober 2024.pdf,HIGH
2024-09,accounting fees,,1.09,,,00_INBOX - Входящи - Eingang/Accounting_Organized/09_Enrico_Forwarded/Leistungsnachweis September 2024.pdf,HIGH
2025-03,accounting fees,,1.03,,,00_INBOX - Входящи - Eingang/Accounting_Organized/09_Enrico_Forwarded/Leistungsnachweis Subunternehmer Sachsenpower GmbH & Co. KG.pdf,HIGH
2025-04,accounting fees,,1.04,,,00_INBOX - Входящи - Eingang/Accounting_Organized/09_Enrico_Forwarded/Leistungsnachweis Zahariev April 25 Sachsenpower GmbH & Co. KG.pdf,HIGH
2024-07,accounting fees,,1.07,,,00_INBOX - Входящи - Eingang/Accounting_Organized/09_Enrico_Forwarded/Leistungsnachweis Zahariev Juli 2024.pdf,HIGH
2025-05,accounting fees,,1.05,,,00_INBOX - Входящи - Eingang/Accounting_Organized/09_Enrico_Forwarded/Leistungsnachweis Zahariev Juni 25 Sachsenpower GmbH & Co. KG.pdf,HIGH
2025-05,accounting fees,,1.05,,,00_INBOX - Входящи - Eingang/Accounting_Organized/09_Enrico_Forwarded/Leistungsnachweis Zahariev Mai 25 Sachsenpower GmbH & Co. KG.pdf,HIGH
2025-01,accounting fees,,79.29,,,00_INBOX - Входящи - Eingang/Accounting_Organized/09_Enrico_Forwarded/Martin Zahariev Gutschrift 48 31.01.2025.pdf,HIGH
2025-02,accounting fees,,103.00,,,00_INBOX - Входящи - Eingang/Accounting_Organized/09_Enrico_Forwarded/Martin Zahariev Gutschrift 51 17.02.2025.pdf,HIGH
2025-02,accounting fees,,71.25,,,00_INBOX - Входящи - Eingang/Accounting_Organized/09_Enrico_Forwarded/Martin Zahariev Gutschrift 52 28.02.2025.pdf,HIGH
2025-03,accounting fees,,95.59,,,00_INBOX - Входящи - Eingang/Accounting_Organized/09_Enrico_Forwarded/Martin Zahariev Gutschrift 55 08.03.2025.pdf,HIGH
2035-08,accounting fees,,38.00,,,00_INBOX - Входящи - Eingang/Accounting_Organized/09_Enrico_Forwarded/Martin Zahariev Transporte 2035 08.01.2025 Hermes Bekleidung.pdf,HIGH
2037-08,vehicle costs,,11648.45,,,00_INBOX - Входящи - Eingang/Accounting_Organized/09_Enrico_Forwarded/Martin Zahariev Transporte 2037 08.01.2025 Sendungsverluste.pdf,HIGH
2038-08,accounting fees,,181.48,,,00_INBOX - Входящи - Eingang/Accounting_Organized/09_Enrico_Forwarded/Martin Zahariev Transporte 2038 08.01.2025 Bearbeitungsgebühr.pdf,HIGH
2055-07,vehicle costs,,7847.85,,,00_INBOX - Входящи - Eingang/Accounting_Organized/09_Enrico_Forwarded/Martin Zahariev Transporte 2055 07.02.2025 Sendungsverluste.pdf,HIGH
2056-07,accounting fees,,163.63,,,00_INBOX - Входящи - Eingang/Accounting_Organized/09_Enrico_Forwarded/Martin Zahariev Transporte 2056 07.02.2025 Bearbeitungsgebühr.pdf,HIGH
2057-07,accounting fees,,94.52,,,00_INBOX - Входящи - Eingang/Accounting_Organized/09_Enrico_Forwarded/Martin Zahariev Transporte 2057 07.02.2025 Hermes Bekleidung.pdf,HIGH
2069-08,accounting fees,,2763.67,,,00_INBOX - Входящи - Eingang/Accounting_Organized/09_Enrico_Forwarded/Martin Zahariev Transporte 2069 08.03.2025 Sendungsverluste.pdf,HIGH
2070-08,accounting fees,,98.18,,,00_INBOX - Входящи - Eingang/Accounting_Organized/09_Enrico_Forwarded/Martin Zahariev Transporte 2070 08.03.2025 Sendungsverluste.pdf,HIGH
2024-12,accounting fees,,10390.09,,,00_INBOX - Входящи - Eingang/Accounting_Organized/09_Enrico_Forwarded/Rechnung 2014 vom 05.12.2024 Sendungsverlust Zahariev.pdf,HIGH
2015-07,accounting fees,,196.35,,,00_INBOX - Входящи - Eingang/Accounting_Organized/09_Enrico_Forwarded/Rechnung 2015 07.12.2024 Martin Zahariev.pdf,HIGH
2024-12,accounting fees,,50.49,,,00_INBOX - Входящи - Eingang/Accounting_Organized/09_Enrico_Forwarded/Rechnung 2023 vom 07.12.2024  Zahariev HERMES Bekleidung.pdf,HIGH
2025-04,accounting fees,,18.45,,,00_INBOX - Входящи - Eingang/Accounting_Organized/09_Enrico_Forwarded/Rechnung 2764 Zahariev Hermes Kleidung.pdf,HIGH
2025-03,accounting fees,,1545.27,,,00_INBOX - Входящи - Eingang/Accounting_Organized/09_Enrico_Forwarded/Rechnung 2766 Zahariev Hermes Sendungsverlust.pdf,HIGH
2025-04,accounting fees,,50.58,,,00_INBOX - Входящи - Eingang/Accounting_Organized/09_Enrico_Forwarded/Rechnung 2767 Zahariev Hermes Bearbeitungsgebuhr.pdf,HIGH
2025-05,accounting fees,,1309.21,,,00_INBOX - Входящи - Eingang/Accounting_Organized/09_Enrico_Forwarded/Rechnung 2781 Zahariev Hermes Sendungsverlust.pdf,HIGH
2025-06,accounting fees,,3042.12,,,00_INBOX - Входящи - Eingang/Accounting_Organized/09_Enrico_Forwarded/Rechnung 2798 Zahariev Hermes Sendungsverlust.pdf,HIGH
2025-07,accounting fees,,1099.78,,,00_INBOX - Входящи - Eingang/Accounting_Organized/09_Enrico_Forwarded/Rechnung 2812 Zahariev Hermes Sendungsverlust.pdf,HIGH
2024-08,vehicle costs,,0.00,,,00_INBOX - Входящи - Eingang/Accounting_Organized/11_Contribution_Lists/RE-53380_2024 13.08.2024 09_17_16.pdf,HIGH
2024-09,vehicle costs,,0.00,,,00_INBOX - Входящи - Eingang/Accounting_Organized/11_Contribution_Lists/RE-53652_2024 20.09.2024 10_56_50.pdf,HIGH
