document_filename,document_type,document_number,document_date,leistungszeitraum,month_year,position_code,position_name,quantity,price_per_unit,amount,package_id,tour_number,customer_location,source_file_path,source_container,confidence_level,deduction_category,content_hash,duplicate_key,notes
07.2024.pdf,Gutschrift,ico,2024-04-02,,2024-07,Art,Abschlag Coincident,77916,,2.40,Abschlag,502,und Logistik,00_INBOX - Входящи - Eingang/Enrico/07.2024.pdf,,MEDIUM,Abschlag Coincident,3823eb5025df44f6878f91d8b94e7087ddd2a755d34743ecb0e4cd6c87d20a83,ico|2024-04-02|2.40|3823eb5025df44f6878f91d8b94e7087ddd2a755d34743ecb0e4cd6c87d20a83,PDF text extracted with pypdf.
Auffälligkeiten vorige Woche.eml,Email,ico,"Tue, 04 Mar 2025 10:40:33 +0000",,,,,,,,s-ID,523.,el * Vorsitzender des Aufsichtsrates: Kay Schiebur,00_INBOX - Входящи - Eingang/Enrico/Auffälligkeiten vorige Woche.eml,,LOW,,d5045ca1e3ac979d5e0088ec67ea45c9577167445aa5d8381a87a0d4e8bce265,"ico|Tue, 04 Mar 2025 10:40:33 +0000||d5045ca1e3ac979d5e0088ec67ea45c9577167445aa5d8381a87a0d4e8bce265",Email headers and body extracted.
Gutschrift 34-2024 Zahariev Martin 04.10.2024.pdf,Gutschrift,ico,,vom 13.08.2024,2024-08,Art,Gutschrift,,,916.00,konnte,,&.Logistikbetrieb,00_INBOX - Входящи - Eingang/Enrico/Gutschrift 34-2024 Zahariev Martin 04.10.2024.pdf,,MEDIUM,,9752849c3a8981165e3328db21d953ea32d2935b332f4f06888ade15b31c75ab,ico||916.00|9752849c3a8981165e3328db21d953ea32d2935b332f4f06888ade15b31c75ab,PDF text extracted with pypdf.
gutschrift 71 2025 zahariev Sendungsverlust.pdf,Gutschrift,224/163/00201,,vom 26.03.2025,2025-03,Art,Sendungsverlust,,,33.77,skl,520,nnr.                                                                                     Unser Vorgang                                                                                    Datum,00_INBOX - Входящи - Eingang/Enrico/gutschrift 71 2025 zahariev Sendungsverlust.pdf,,MEDIUM,Sendungsverlust,5d8f5776bd678fee334a1a4295472598215cc91753faa628b903a4c70cfbda9d,224/163/00201||33.77|5d8f5776bd678fee334a1a4295472598215cc91753faa628b903a4c70cfbda9d,PDF text extracted with pypdf.
Martin Zahariev Gutschrift 51 17.02.2025.pdf,Gutschrift,ico,,vom 15.11.2024,2024-11,Art,Sendungsverlust,,,103.00,sverlust,505,&.Logistikbetrieb,00_INBOX - Входящи - Eingang/Enrico/Martin Zahariev Gutschrift 51 17.02.2025.pdf,,MEDIUM,Sendungsverlust,d3cb26365625ad4ebc3b38a5d54c7aac65120b4ee7bed3e83cda8744dd57e59f,ico||103.00|d3cb26365625ad4ebc3b38a5d54c7aac65120b4ee7bed3e83cda8744dd57e59f,PDF text extracted with pypdf.
Martin Zahariev Gutschrift 55 08.03.2025.pdf,Gutschrift,ico,,vom 18.12.2024,2024-12,Art,Sendungsverlust,,,95.59,skl,532,&.Logistikbetrieb,00_INBOX - Входящи - Eingang/Enrico/Martin Zahariev Gutschrift 55 08.03.2025.pdf,,MEDIUM,Sendungsverlust,bfd308a2eb0730bb941991c2b311aa53e6b2acfa5e145e8e1cf825a850cb60c0,ico||95.59|bfd308a2eb0730bb941991c2b311aa53e6b2acfa5e145e8e1cf825a850cb60c0,PDF text extracted with pypdf.
Martin Zahariev Transporte 2058 08.03.2025 Scannermiete.pdf,Rechnung,ico,,,2025-03,Art,Scannermiete,,,16.00,,,&.Logistikbetrieb,00_INBOX - Входящи - Eingang/Enrico/Martin Zahariev Transporte 2058 08.03.2025 Scannermiete.pdf,,MEDIUM,Scannermiete,43c0f8abb1df3ed675fe849076c2aceba368c64360e040f399b9bf6de8cc8ab6,ico||16.00|43c0f8abb1df3ed675fe849076c2aceba368c64360e040f399b9bf6de8cc8ab6,PDF text extracted with pypdf.
original_msg.eml,Email,ico,"Tue, 10 Jun 2025 19:01:03 +0200",,,,,,,,,,,00_INBOX - Входящи - Eingang/Enrico/original_msg.eml,,LOW,,78f1733c600b0b4cfc5c7f3700c67f480e39c5f75fcefd7b16800815b93c0cc1,"ico|Tue, 10 Jun 2025 19:01:03 +0200||78f1733c600b0b4cfc5c7f3700c67f480e39c5f75fcefd7b16800815b93c0cc1",Email headers and body extracted.
kundigung Dokument.pdf,Sendungsverlust,ico,,,2024-02,,Sendungsverlust,,,,sverluste,,-u. Logistikbetrieb,_INBOX/kundigung Dokument.pdf,,LOW,Sendungsverlust,af0f8df962fdab40765b03884c3c4e835860d5a84b6e7583c2e261499beb9eb9,ico|||af0f8df962fdab40765b03884c3c4e835860d5a84b6e7583c2e261499beb9eb9,PDF text extracted with pypdf.
Leistungsnachweis Zahariev Mai 25 Sachsenpower GmbH & Co. KG.pdf,Rechnung,,,,2025-05,,Rechnung,,,,,1000,,00_INBOX - Входящи - Eingang/Enrico/abrechnungmai2025.zip::Leistungsnachweis Zahariev Mai 25 Sachsenpower GmbH & Co. KG.pdf,00_INBOX - Входящи - Eingang/Enrico/abrechnungmai2025.zip,LOW,,c411486dcdc42061fd737dd330fa54686ae0798b02fa1010fcb54977126fbd67,|||c411486dcdc42061fd737dd330fa54686ae0798b02fa1010fcb54977126fbd67,PDF text extracted with pypdf.
gutschrift 66 Mai 2025 zahariev.pdf,Gutschrift,224/163/00201,,vom 01.05.2025 – 31.05.2025,2025-05,Art,Abschlag Coincident,,,-1.03,115,,nnr.                                                 Unser Vorgang                                                          Datum,00_INBOX - Входящи - Eingang/Enrico/abrechnungmai2025.zip::gutschrift 66 Mai 2025 zahariev.pdf,00_INBOX - Входящи - Eingang/Enrico/abrechnungmai2025.zip,MEDIUM,Abschlag Coincident,84080eb9de6d80e802a48563f1003d0e47e43e608f590813dd5bc94b0f610350,224/163/00201||-1.03|84080eb9de6d80e802a48563f1003d0e47e43e608f590813dd5bc94b0f610350,PDF text extracted with pypdf.
gutschrift 66 Mai 2025 zahariev.pdf,Gutschrift,224/163/00201,,vom 01.05.2025 – 31.05.2025,2025-05,Art,Abschlag Quittungslose Sendung,,,-0.30,115,,nnr.                                                 Unser Vorgang                                                          Datum,00_INBOX - Входящи - Eingang/Enrico/abrechnungmai2025.zip::gutschrift 66 Mai 2025 zahariev.pdf,00_INBOX - Входящи - Eingang/Enrico/abrechnungmai2025.zip,MEDIUM,Abschlag Quittungslose Sendung,84080eb9de6d80e802a48563f1003d0e47e43e608f590813dd5bc94b0f610350,224/163/00201||-0.30|84080eb9de6d80e802a48563f1003d0e47e43e608f590813dd5bc94b0f610350,PDF text extracted with pypdf.
Leistungsnachweis September 2024.pdf,Rechnung,,,,2024-09,,Rechnung,,,,,1000,& Logistik Weißflog,00_INBOX - Входящи - Eingang/Enrico/abrechnungseptember.zip::Leistungsnachweis September 2024.pdf,00_INBOX - Входящи - Eingang/Enrico/abrechnungseptember.zip,LOW,,a2277ef1ecb2631becd75bc4e020263131543b7b5113fe33eb99443963143504,|||a2277ef1ecb2631becd75bc4e020263131543b7b5113fe33eb99443963143504,PDF text extracted with pypdf.
Gutschrift 31-2024 Zahariev Martin 30.09.2024.pdf,Gutschrift,ico,,vom 01.09.2024 – 30.09.2024,2024-09,Art,Abschlag Coincident,,,-1.03,256,,&.Logistikbetrieb,00_INBOX - Входящи - Eingang/Enrico/abrechnungseptember.zip::Gutschrift 31-2024 Zahariev Martin 30.09.2024.pdf,00_INBOX - Входящи - Eingang/Enrico/abrechnungseptember.zip,MEDIUM,Abschlag Coincident,ae4a3eb7a60d66edd98611506f60eff65fa6e0c4b8c1ead9780a146e46a9412a,ico||-1.03|ae4a3eb7a60d66edd98611506f60eff65fa6e0c4b8c1ead9780a146e46a9412a,PDF text extracted with pypdf.
Gutschrift 31-2024 Zahariev Martin 30.09.2024.pdf,Gutschrift,ico,,vom 01.09.2024 – 30.09.2024,2024-09,Art,Abschlag Quittungslose Sendung,,,-0.30,256,,&.Logistikbetrieb,00_INBOX - Входящи - Eingang/Enrico/abrechnungseptember.zip::Gutschrift 31-2024 Zahariev Martin 30.09.2024.pdf,00_INBOX - Входящи - Eingang/Enrico/abrechnungseptember.zip,MEDIUM,Abschlag Quittungslose Sendung,ae4a3eb7a60d66edd98611506f60eff65fa6e0c4b8c1ead9780a146e46a9412a,ico||-0.30|ae4a3eb7a60d66edd98611506f60eff65fa6e0c4b8c1ead9780a146e46a9412a,PDF text extracted with pypdf.
gutschrift 05.04. 2025 zahariev.pdf,Gutschrift,224/163/00201,,vom 10.02.2025,2025-02,Art,Sendungsverlust,,,75.91,skl,512,nnr.                                                                                     Unser Vorgang                                                                                    Datum,00_INBOX - Входящи - Eingang/Enrico/fwgutschriftrechnungen.zip::gutschrift 05.04. 2025 zahariev.pdf,00_INBOX - Входящи - Eingang/Enrico/fwgutschriftrechnungen.zip,MEDIUM,Sendungsverlust,8a587d7da29afb0d8a3963c89f6dbf30ec7398ca55579642855d7b348eb2510a,224/163/00201||75.91|8a587d7da29afb0d8a3963c89f6dbf30ec7398ca55579642855d7b348eb2510a,PDF text extracted with pypdf.
Rechnung 2766 Zahariev Hermes Sendungsverlust.pdf,Rechnung,224/163/00201,,,2025-03,Art,Sendungsverlust,,,632.39,sverlust,508,nnr.                                                                        Unser Vorgang                                                                                            Datum,00_INBOX - Входящи - Eingang/Enrico/fwgutschriftrechnungen.zip::Rechnung 2766 Zahariev Hermes Sendungsverlust.pdf,00_INBOX - Входящи - Eingang/Enrico/fwgutschriftrechnungen.zip,MEDIUM,Sendungsverlust,1422037f30272dbede252071f4a6a06f31470cb796e04d7c667924c908887c11,224/163/00201||632.39|1422037f30272dbede252071f4a6a06f31470cb796e04d7c667924c908887c11,PDF text extracted with pypdf.
Rechnung 2764 Zahariev Hermes Kleidung.pdf,Rechnung,224/163/00201,,,2025-04,Art,Rechnung,,,15.50,,,nnr.                                                               Unser Vorgang                                                                                      Datum,00_INBOX - Входящи - Eingang/Enrico/fwgutschriftrechnungen.zip::Rechnung 2764 Zahariev Hermes Kleidung.pdf,00_INBOX - Входящи - Eingang/Enrico/fwgutschriftrechnungen.zip,MEDIUM,,c537fa0d33012c1fbabd2a6c1d479a22c052c2735bf94e0715d9b8e3c3b397cf,224/163/00201||15.50|c537fa0d33012c1fbabd2a6c1d479a22c052c2735bf94e0715d9b8e3c3b397cf,PDF text extracted with pypdf.
Rechnung 2765 Zahariev Hermes Scannermiete.pdf,Rechnung,224/163/00201,,,2025-04,Art,Scannermiete,,,16.00,,,nnr.                                                                           Unser Vorgang                                                          Datum,00_INBOX - Входящи - Eingang/Enrico/fwgutschriftrechnungen.zip::Rechnung 2765 Zahariev Hermes Scannermiete.pdf,00_INBOX - Входящи - Eingang/Enrico/fwgutschriftrechnungen.zip,MEDIUM,Scannermiete,ef3560b0a998ac085c4d5baa45cba6ca2e7c048aa1b5dd954585c0c53083ba57,224/163/00201||16.00|ef3560b0a998ac085c4d5baa45cba6ca2e7c048aa1b5dd954585c0c53083ba57,PDF text extracted with pypdf.
Rechnung 2767 Zahariev Hermes Bearbeitungsgebuhr.pdf,Rechnung,224/163/00201,,"05.04.2025                                                    2,50 € / 17                                                         42,50 €",2025-04,Art,Sendungsverlust,,,2.50,sverluste,,nnr.                                                                    Unser Vorgang                                                                                        Datum,00_INBOX - Входящи - Eingang/Enrico/fwgutschriftrechnungen.zip::Rechnung 2767 Zahariev Hermes Bearbeitungsgebuhr.pdf,00_INBOX - Входящи - Eingang/Enrico/fwgutschriftrechnungen.zip,MEDIUM,Sendungsverlust,080b708cd72d23dda3cc1e47c3a7f030b4a45b6e4f298c1dd94862b8bd7d8248,224/163/00201||2.50|080b708cd72d23dda3cc1e47c3a7f030b4a45b6e4f298c1dd94862b8bd7d8248,PDF text extracted with pypdf.
Gutschrift 42-2024 Zahariev Martin 30.11.2024.pdf,Gutschrift,ico,,vom 01.11.2024 – 30.11.2024,2024-11,Art,Abschlag Coincident,,,-1.03,152,,&.Logistikbetrieb,00_INBOX - Входящи - Eingang/Enrico/gutschriftundrechnungen.zip::Gutschrift 42-2024 Zahariev Martin 30.11.2024.pdf,00_INBOX - Входящи - Eingang/Enrico/gutschriftundrechnungen.zip,MEDIUM,Abschlag Coincident,b18854e6f4a098b4e9446099378ca77122c9702424b1e3056276e8b03aec3ee3,ico||-1.03|b18854e6f4a098b4e9446099378ca77122c9702424b1e3056276e8b03aec3ee3,PDF text extracted with pypdf.
Gutschrift 42-2024 Zahariev Martin 30.11.2024.pdf,Gutschrift,ico,,vom 01.11.2024 – 30.11.2024,2024-11,Art,Abschlag Quittungslose Sendung,,,-0.30,152,,&.Logistikbetrieb,00_INBOX - Входящи - Eingang/Enrico/gutschriftundrechnungen.zip::Gutschrift 42-2024 Zahariev Martin 30.11.2024.pdf,00_INBOX - Входящи - Eingang/Enrico/gutschriftundrechnungen.zip,MEDIUM,Abschlag Quittungslose Sendung,b18854e6f4a098b4e9446099378ca77122c9702424b1e3056276e8b03aec3ee3,ico||-0.30|b18854e6f4a098b4e9446099378ca77122c9702424b1e3056276e8b03aec3ee3,PDF text extracted with pypdf.
Rechnung 2014 vom 05.12.2024 Sendungsverlust Zahariev.pdf,Rechnung,02014,,,2024-12,Art,Sendungsverlust,,,753.29,sverlust,522,nnr.                                                 Unser Vorgang                                                          Datum,00_INBOX - Входящи - Eingang/Enrico/gutschriftundrechnungen.zip::Rechnung 2014 vom 05.12.2024 Sendungsverlust Zahariev.pdf,00_INBOX - Входящи - Eingang/Enrico/gutschriftundrechnungen.zip,MEDIUM,Sendungsverlust,951f3fde2beb73a848cfe669a2f026e707abd5c4895ceba66e82d783a297fa9a,02014||753.29|951f3fde2beb73a848cfe669a2f026e707abd5c4895ceba66e82d783a297fa9a,PDF text extracted with pypdf.
Rechnung 2015 07.12.2024 Martin Zahariev.pdf,Rechnung,ico,,"07.12.2024                                      2,50 € / 66                                      165,00 €",2024-12,Art,Sendungsverlust,,,2.50,sverluste,,&.Logistikbetrieb,00_INBOX - Входящи - Eingang/Enrico/gutschriftundrechnungen.zip::Rechnung 2015 07.12.2024 Martin Zahariev.pdf,00_INBOX - Входящи - Eingang/Enrico/gutschriftundrechnungen.zip,MEDIUM,Sendungsverlust,b3c9f7e401ff5b22c05e7e6b9a2e87f48a89528002cfda2384f28c807fa768c7,ico||2.50|b3c9f7e401ff5b22c05e7e6b9a2e87f48a89528002cfda2384f28c807fa768c7,PDF text extracted with pypdf.
Rechnung 2023 vom 07.12.2024  Zahariev HERMES Bekleidung.pdf,Rechnung,ico,,,2024-12,Art,Scanner-related invoices,,,42.43,,,&.Logistikbetrieb,00_INBOX - Входящи - Eingang/Enrico/gutschriftundrechnungen.zip::Rechnung 2023 vom 07.12.2024  Zahariev HERMES Bekleidung.pdf,00_INBOX - Входящи - Eingang/Enrico/gutschriftundrechnungen.zip,MEDIUM,Scanner-related invoices,f66c993144dd303de4b295c84770072bb774e3164f47c234814d2121cf7bca51,ico||42.43|f66c993144dd303de4b295c84770072bb774e3164f47c234814d2121cf7bca51,PDF text extracted with pypdf.
Gutschrift 38-2024 Zahariev Martin 31.10.2024.pdf,Gutschrift,ico,,vom 01.10.2024 – 31.10.2024,2024-10,Art,Abschlag Coincident,,,-1.03,156,,&.Logistikbetrieb,00_INBOX - Входящи - Eingang/Enrico/peremailsendengutschrift382024zaharievmartin31_10_.zip::Gutschrift 38-2024 Zahariev Martin 31.10.2024.pdf,00_INBOX - Входящи - Eingang/Enrico/peremailsendengutschrift382024zaharievmartin31_10_.zip,MEDIUM,Abschlag Coincident,33dbab17d4b30319c76973ce79fc547cfb024cf236e6dfe44259a2a2dec97258,ico||-1.03|33dbab17d4b30319c76973ce79fc547cfb024cf236e6dfe44259a2a2dec97258,PDF text extracted with pypdf.
Gutschrift 38-2024 Zahariev Martin 31.10.2024.pdf,Gutschrift,ico,,vom 01.10.2024 – 31.10.2024,2024-10,Art,Abschlag Quittungslose Sendung,,,-0.30,156,,&.Logistikbetrieb,00_INBOX - Входящи - Eingang/Enrico/peremailsendengutschrift382024zaharievmartin31_10_.zip::Gutschrift 38-2024 Zahariev Martin 31.10.2024.pdf,00_INBOX - Входящи - Eingang/Enrico/peremailsendengutschrift382024zaharievmartin31_10_.zip,MEDIUM,Abschlag Quittungslose Sendung,33dbab17d4b30319c76973ce79fc547cfb024cf236e6dfe44259a2a2dec97258,ico||-0.30|33dbab17d4b30319c76973ce79fc547cfb024cf236e6dfe44259a2a2dec97258,PDF text extracted with pypdf.
Leistungsnachweis Oktober 2024.pdf,Rechnung,,,,2024-10,,Rechnung,,,,,1000,& Logistik Weißflog,00_INBOX - Входящи - Eingang/Enrico/peremailsendengutschrift382024zaharievmartin31_10_.zip::Leistungsnachweis Oktober 2024.pdf,00_INBOX - Входящи - Eingang/Enrico/peremailsendengutschrift382024zaharievmartin31_10_.zip,LOW,,ad391aefbd73bc3bd2700314772970bf662883ecc6bbf2820217647d68214fdf,|||ad391aefbd73bc3bd2700314772970bf662883ecc6bbf2820217647d68214fdf,PDF text extracted with pypdf.
Leistungsnachweis November 2024.pdf,Rechnung,,,,2024-11,,Rechnung,,,,,1000,& Logistik Weißflog,00_INBOX - Входящи - Eingang/Enrico/peremailsendengutschrift422024zaharievmartin30_11_.zip::Leistungsnachweis November 2024.pdf,00_INBOX - Входящи - Eingang/Enrico/peremailsendengutschrift422024zaharievmartin30_11_.zip,LOW,,c25cde0ed90f161aa5003491287c9eae5c6f6fdc0076005856931a61821f8d56,|||c25cde0ed90f161aa5003491287c9eae5c6f6fdc0076005856931a61821f8d56,PDF text extracted with pypdf.
Gutschrift 44-2024 Zahariev Martin 31.12.2024.pdf,Gutschrift,ico,,vom 01.12.2024 – 31.12.2024,2024-12,Art,Abschlag Coincident,,,-1.03,123,,&.Logistikbetrieb,00_INBOX - Входящи - Eingang/Enrico/peremailsendengutschrift442024zaharievmartin31_12_.zip::Gutschrift 44-2024 Zahariev Martin 31.12.2024.pdf,00_INBOX - Входящи - Eingang/Enrico/peremailsendengutschrift442024zaharievmartin31_12_.zip,MEDIUM,Abschlag Coincident,34dbf26d65b9c013e30b9977f27f78371dec0079872f6ea818d64756a3bf8358,ico||-1.03|34dbf26d65b9c013e30b9977f27f78371dec0079872f6ea818d64756a3bf8358,PDF text extracted with pypdf.
Gutschrift 44-2024 Zahariev Martin 31.12.2024.pdf,Gutschrift,ico,,vom 01.12.2024 – 31.12.2024,2024-12,Art,Abschlag Quittungslose Sendung,,,-0.30,123,,&.Logistikbetrieb,00_INBOX - Входящи - Eingang/Enrico/peremailsendengutschrift442024zaharievmartin31_12_.zip::Gutschrift 44-2024 Zahariev Martin 31.12.2024.pdf,00_INBOX - Входящи - Eingang/Enrico/peremailsendengutschrift442024zaharievmartin31_12_.zip,MEDIUM,Abschlag Quittungslose Sendung,34dbf26d65b9c013e30b9977f27f78371dec0079872f6ea818d64756a3bf8358,ico||-0.30|34dbf26d65b9c013e30b9977f27f78371dec0079872f6ea818d64756a3bf8358,PDF text extracted with pypdf.
Leistungsnachweis Dezember Zahariev 2024.pdf,Rechnung,,,,2024-12,,Rechnung,,,,,1000,& Logistik Weißflog,00_INBOX - Входящи - Eingang/Enrico/peremailsendengutschrift442024zaharievmartin31_12_.zip::Leistungsnachweis Dezember Zahariev 2024.pdf,00_INBOX - Входящи - Eingang/Enrico/peremailsendengutschrift442024zaharievmartin31_12_.zip,LOW,,3e9c91dee422d0dfdc8189b15914972cd735d5d7b759ed60cc2c308cf11ecddb,|||3e9c91dee422d0dfdc8189b15914972cd735d5d7b759ed60cc2c308cf11ecddb,PDF text extracted with pypdf.
gutschrift märz 2025 zahariev.pdf,Gutschrift,224/163/00201,,vom 01.03.2025 – 31.03.2025,2025-03,,Abschlag Coincident,,,-1.03,179,,nnummer                                                                   Unser Vorgang                                                                                      Datum,00_INBOX - Входящи - Eingang/Enrico/peremailsendengutschriftmrz2025zahariev_pdf.zip::gutschrift märz 2025 zahariev.pdf,00_INBOX - Входящи - Eingang/Enrico/peremailsendengutschriftmrz2025zahariev_pdf.zip,MEDIUM,Abschlag Coincident,649e2ed770460b216096186910b96e9864b52bb0ba7280001c146c114ac9db6a,224/163/00201||-1.03|649e2ed770460b216096186910b96e9864b52bb0ba7280001c146c114ac9db6a,PDF text extracted with pypdf.
gutschrift märz 2025 zahariev.pdf,Gutschrift,224/163/00201,,vom 01.03.2025 – 31.03.2025,2025-03,,Abschlag Quittungslose Sendung,,,-0.30,179,,nnummer                                                                   Unser Vorgang                                                                                      Datum,00_INBOX - Входящи - Eingang/Enrico/peremailsendengutschriftmrz2025zahariev_pdf.zip::gutschrift märz 2025 zahariev.pdf,00_INBOX - Входящи - Eingang/Enrico/peremailsendengutschriftmrz2025zahariev_pdf.zip,MEDIUM,Abschlag Quittungslose Sendung,649e2ed770460b216096186910b96e9864b52bb0ba7280001c146c114ac9db6a,224/163/00201||-0.30|649e2ed770460b216096186910b96e9864b52bb0ba7280001c146c114ac9db6a,PDF text extracted with pypdf.
Leistungsnachweis Subunternehmer Sachsenpower GmbH & Co. KG.pdf,Rechnung,,,,2025-03,,Rechnung,,,,,1000,,00_INBOX - Входящи - Eingang/Enrico/peremailsendengutschriftmrz2025zahariev_pdf.zip::Leistungsnachweis Subunternehmer Sachsenpower GmbH & Co. KG.pdf,00_INBOX - Входящи - Eingang/Enrico/peremailsendengutschriftmrz2025zahariev_pdf.zip,LOW,,136aeec66c4c718fb0a7c911440e36ce562ac9756d4a1e0a4911bba3f5966f77,|||136aeec66c4c718fb0a7c911440e36ce562ac9756d4a1e0a4911bba3f5966f77,PDF text extracted with pypdf.
Leistungsnachweis Martin Zahariev Februar 2025.pdf,Rechnung,,,,2025-02,,Rechnung,,,,,1000,& Logistik Weißflog,00_INBOX - Входящи - Eingang/Enrico/peremailsendenleistungsnachweismartinzaharievfebruar.zip::Leistungsnachweis Martin Zahariev Februar 2025.pdf,00_INBOX - Входящи - Eingang/Enrico/peremailsendenleistungsnachweismartinzaharievfebruar.zip,LOW,,993db74f98bff88f68ff6201e840796fc891b132a0e1fff4e2de994f493a1a39,|||993db74f98bff88f68ff6201e840796fc891b132a0e1fff4e2de994f493a1a39,PDF text extracted with pypdf.
Martin Zahariev Gutschrift 52 28.02.2025.pdf,Gutschrift,ico,,vom 01.02.2025 – 28.02.2025,2025-02,Art,Abschlag Coincident,,,-1.03,113,,&.Logistikbetrieb,00_INBOX - Входящи - Eingang/Enrico/peremailsendenleistungsnachweismartinzaharievfebruar.zip::Martin Zahariev Gutschrift 52 28.02.2025.pdf,00_INBOX - Входящи - Eingang/Enrico/peremailsendenleistungsnachweismartinzaharievfebruar.zip,MEDIUM,Abschlag Coincident,e218858dacb6c47f191aeffaf2d0feda60796e6b8978309e1775ae285edfd861,ico||-1.03|e218858dacb6c47f191aeffaf2d0feda60796e6b8978309e1775ae285edfd861,PDF text extracted with pypdf.
Martin Zahariev Gutschrift 52 28.02.2025.pdf,Gutschrift,ico,,vom 01.02.2025 – 28.02.2025,2025-02,Art,Abschlag Quittungslose Sendung,,,-0.30,113,,&.Logistikbetrieb,00_INBOX - Входящи - Eingang/Enrico/peremailsendenleistungsnachweismartinzaharievfebruar.zip::Martin Zahariev Gutschrift 52 28.02.2025.pdf,00_INBOX - Входящи - Eingang/Enrico/peremailsendenleistungsnachweismartinzaharievfebruar.zip,MEDIUM,Abschlag Quittungslose Sendung,e218858dacb6c47f191aeffaf2d0feda60796e6b8978309e1775ae285edfd861,ico||-0.30|e218858dacb6c47f191aeffaf2d0feda60796e6b8978309e1775ae285edfd861,PDF text extracted with pypdf.
Martin Zahariev Gutschrift 48 31.01.2025.pdf,Gutschrift,ico,,vom 01.01.2025 – 31.01.2025,2025-01,Art,Abschlag Coincident,,,-1.03,128,,&.Logistikbetrieb,00_INBOX - Входящи - Eingang/Enrico/peremailsendenmartinzaharievgutschrift4831_01_2025_.zip::Martin Zahariev Gutschrift 48 31.01.2025.pdf,00_INBOX - Входящи - Eingang/Enrico/peremailsendenmartinzaharievgutschrift4831_01_2025_.zip,MEDIUM,Abschlag Coincident,92751fe06898462bf16e995a18f6cbac4b31456675284cbb9d71115ab7db1700,ico||-1.03|92751fe06898462bf16e995a18f6cbac4b31456675284cbb9d71115ab7db1700,PDF text extracted with pypdf.
Martin Zahariev Gutschrift 48 31.01.2025.pdf,Gutschrift,ico,,vom 01.01.2025 – 31.01.2025,2025-01,Art,Abschlag Quittungslose Sendung,,,-0.30,128,,&.Logistikbetrieb,00_INBOX - Входящи - Eingang/Enrico/peremailsendenmartinzaharievgutschrift4831_01_2025_.zip::Martin Zahariev Gutschrift 48 31.01.2025.pdf,00_INBOX - Входящи - Eingang/Enrico/peremailsendenmartinzaharievgutschrift4831_01_2025_.zip,MEDIUM,Abschlag Quittungslose Sendung,92751fe06898462bf16e995a18f6cbac4b31456675284cbb9d71115ab7db1700,ico||-0.30|92751fe06898462bf16e995a18f6cbac4b31456675284cbb9d71115ab7db1700,PDF text extracted with pypdf.
Leistungsnachweis Martin Zahariev Januar 2025.pdf,Rechnung,,,,2025-01,,Rechnung,,,,,1000,& Logistik Weißflog,00_INBOX - Входящи - Eingang/Enrico/peremailsendenmartinzaharievgutschrift4831_01_2025_.zip::Leistungsnachweis Martin Zahariev Januar 2025.pdf,00_INBOX - Входящи - Eingang/Enrico/peremailsendenmartinzaharievgutschrift4831_01_2025_.zip,LOW,,fcdc700ae4d3ec06237f316a256f66b7faee2e13f0a3f610348a45a245df83de,|||fcdc700ae4d3ec06237f316a256f66b7faee2e13f0a3f610348a45a245df83de,PDF text extracted with pypdf.
Martin Zahariev Transporte 2036 08.01.2025 Scannermiete.pdf,Rechnung,ico,,,2025-01,Art,Scannermiete,,,16.00,,,&.Logistikbetrieb,00_INBOX - Входящи - Eingang/Enrico/peremailsendenmartinzaharievtransporte203608_01_202.zip::Martin Zahariev Transporte 2036 08.01.2025 Scannermiete.pdf,00_INBOX - Входящи - Eingang/Enrico/peremailsendenmartinzaharievtransporte203608_01_202.zip,MEDIUM,Scannermiete,db4ad4de7f6bd6a2f2c4986f4106dcb885ceb0f05b1464d3b87a95d0f3ee007a,ico||16.00|db4ad4de7f6bd6a2f2c4986f4106dcb885ceb0f05b1464d3b87a95d0f3ee007a,PDF text extracted with pypdf.
Martin Zahariev Transporte 2037 08.01.2025 Sendungsverluste.pdf,Rechnung,02037,,,2025-01,Art,Sendungsverlust,,,529.99,sverlust,530,nnr.                                                 Unser Vorgang                                                          Datum,00_INBOX - Входящи - Eingang/Enrico/peremailsendenmartinzaharievtransporte203608_01_202.zip::Martin Zahariev Transporte 2037 08.01.2025 Sendungsverluste.pdf,00_INBOX - Входящи - Eingang/Enrico/peremailsendenmartinzaharievtransporte203608_01_202.zip,MEDIUM,Sendungsverlust,80fb7eceeac126903a2eefa9c9cad450b6bd7376018fa545a5f383bfe88ebd86,02037||529.99|80fb7eceeac126903a2eefa9c9cad450b6bd7376018fa545a5f383bfe88ebd86,PDF text extracted with pypdf.
Martin Zahariev Transporte 2038 08.01.2025 Bearbeitungsgebühr.pdf,Rechnung,ico,,"08.01.2025                                      2,50 € / 61                                      152,50 €",2025-01,Art,Sendungsverlust,,,2.50,sverluste,,&.Logistikbetrieb,00_INBOX - Входящи - Eingang/Enrico/peremailsendenmartinzaharievtransporte203608_01_202.zip::Martin Zahariev Transporte 2038 08.01.2025 Bearbeitungsgebühr.pdf,00_INBOX - Входящи - Eingang/Enrico/peremailsendenmartinzaharievtransporte203608_01_202.zip,MEDIUM,Sendungsverlust,25763d07885743a05e2b50e19b06f53d25c55aa633e3b8f657f9eeb9140f1c0c,ico||2.50|25763d07885743a05e2b50e19b06f53d25c55aa633e3b8f657f9eeb9140f1c0c,PDF text extracted with pypdf.
Martin Zahariev Transporte 2035 08.01.2025 Hermes Bekleidung.pdf,Rechnung,ico,,,2025-01,Art,Scanner-related invoices,,,31.93,,,&.Logistikbetrieb,00_INBOX - Входящи - Eingang/Enrico/peremailsendenmartinzaharievtransporte203608_01_202.zip::Martin Zahariev Transporte 2035 08.01.2025 Hermes Bekleidung.pdf,00_INBOX - Входящи - Eingang/Enrico/peremailsendenmartinzaharievtransporte203608_01_202.zip,MEDIUM,Scanner-related invoices,802c36b28f6b523e875e9f265e65eac917055a638a48c2f416bbeddf29f375c0,ico||31.93|802c36b28f6b523e875e9f265e65eac917055a638a48c2f416bbeddf29f375c0,PDF text extracted with pypdf.
Martin Zahariev Transporte 2054 07.02.2025 Scannermiete.pdf,Rechnung,ico,,,2025-02,Art,Scannermiete,,,16.00,,,&.Logistikbetrieb,00_INBOX - Входящи - Eingang/Enrico/peremailsendenmartinzaharievtransporte205407_02_202.zip::Martin Zahariev Transporte 2054 07.02.2025 Scannermiete.pdf,00_INBOX - Входящи - Eingang/Enrico/peremailsendenmartinzaharievtransporte205407_02_202.zip,MEDIUM,Scannermiete,f029a7ebf6cd423f80540e232f57a57ba6afb643ad0be9d789600daa70e872aa,ico||16.00|f029a7ebf6cd423f80540e232f57a57ba6afb643ad0be9d789600daa70e872aa,PDF text extracted with pypdf.
Martin Zahariev Transporte 2055 07.02.2025 Sendungsverluste.pdf,Rechnung,02055,,,2025-02,Art,Sendungsverlust,,,1424.15,sverlust,526,nnr.                                                 Unser Vorgang                                                          Datum,00_INBOX - Входящи - Eingang/Enrico/peremailsendenmartinzaharievtransporte205407_02_202.zip::Martin Zahariev Transporte 2055 07.02.2025 Sendungsverluste.pdf,00_INBOX - Входящи - Eingang/Enrico/peremailsendenmartinzaharievtransporte205407_02_202.zip,MEDIUM,Sendungsverlust,9c2bf7238a581d66ca56e891ca631eb6b9b3321a3d621a9af5eb7a641685a516,02055||1424.15|9c2bf7238a581d66ca56e891ca631eb6b9b3321a3d621a9af5eb7a641685a516,PDF text extracted with pypdf.
Martin Zahariev Transporte 2056 07.02.2025 Bearbeitungsgebühr.pdf,Rechnung,ico,,"07.02.2025                                      2,50 € / 55                                      137,50 €",2025-02,Art,Sendungsverlust,,,2.50,sverluste,,&.Logistikbetrieb,00_INBOX - Входящи - Eingang/Enrico/peremailsendenmartinzaharievtransporte205407_02_202.zip::Martin Zahariev Transporte 2056 07.02.2025 Bearbeitungsgebühr.pdf,00_INBOX - Входящи - Eingang/Enrico/peremailsendenmartinzaharievtransporte205407_02_202.zip,MEDIUM,Sendungsverlust,9868ca2f55a621d7df6ad6f2a0e046dfffba1a3c06883aee14064060aebf2d4e,ico||2.50|9868ca2f55a621d7df6ad6f2a0e046dfffba1a3c06883aee14064060aebf2d4e,PDF text extracted with pypdf.
Martin Zahariev Transporte 2057 07.02.2025 Hermes Bekleidung.pdf,Rechnung,ico,,,2025-02,Art,Scanner-related invoices,,,79.43,,,&.Logistikbetrieb,00_INBOX - Входящи - Eingang/Enrico/peremailsendenmartinzaharievtransporte205407_02_202.zip::Martin Zahariev Transporte 2057 07.02.2025 Hermes Bekleidung.pdf,00_INBOX - Входящи - Eingang/Enrico/peremailsendenmartinzaharievtransporte205407_02_202.zip,MEDIUM,Scanner-related invoices,6cfe5c77aa1528329d91f958ae5609fc83cd126178d3ae74cd06d3df0c420921,ico||79.43|6cfe5c77aa1528329d91f958ae5609fc83cd126178d3ae74cd06d3df0c420921,PDF text extracted with pypdf.
Martin Zahariev Transporte 2070 08.03.2025 Sendungsverluste.pdf,Rechnung,ico,,"08.03.2025                                      2,50 € / 33                                       82,50 €",2025-03,Art,Sendungsverlust,,,2.50,sverluste,,&.Logistikbetrieb,00_INBOX - Входящи - Eingang/Enrico/peremailsendenmartinzaharievtransporte207008_03_202.zip::Martin Zahariev Transporte 2070 08.03.2025 Sendungsverluste.pdf,00_INBOX - Входящи - Eingang/Enrico/peremailsendenmartinzaharievtransporte207008_03_202.zip,MEDIUM,Sendungsverlust,d6d74b4811479af4c0c9c6542bda6847532983957fea363c050980b965f67e7c,ico||2.50|d6d74b4811479af4c0c9c6542bda6847532983957fea363c050980b965f67e7c,PDF text extracted with pypdf.
Martin Zahariev Transporte 2069 08.03.2025 Sendungsverluste.pdf,Rechnung,ico,,,2025-03,Art,Sendungsverlust,,,391.94,sverlust,512,&.Logistikbetrieb,00_INBOX - Входящи - Eingang/Enrico/peremailsendenmartinzaharievtransporte207008_03_202.zip::Martin Zahariev Transporte 2069 08.03.2025 Sendungsverluste.pdf,00_INBOX - Входящи - Eingang/Enrico/peremailsendenmartinzaharievtransporte207008_03_202.zip,MEDIUM,Sendungsverlust,698bdf4352be0dd431b7b88701dae509933e6c72903546ca447fa6e554f02818,ico||391.94|698bdf4352be0dd431b7b88701dae509933e6c72903546ca447fa6e554f02818,PDF text extracted with pypdf.
Rechnung 1999 vom 06.11.2024 Sendungsverlust Zahariev.pdf,Rechnung,ico,,,2024-11,Art,Sendungsverlust,,,1220.05,sverlust,508,&.Logistikbetrieb,00_INBOX - Входящи - Eingang/Enrico/peremailsendenrechnung1999vom06_11_2024sendungsverl.zip::Rechnung 1999 vom 06.11.2024 Sendungsverlust Zahariev.pdf,00_INBOX - Входящи - Eingang/Enrico/peremailsendenrechnung1999vom06_11_2024sendungsverl.zip,MEDIUM,Sendungsverlust,10d5ef49edb0323e7d119e26f6a2cc60d20a364bb8e2ccc07b78b5aecad20d77,ico||1220.05|10d5ef49edb0323e7d119e26f6a2cc60d20a364bb8e2ccc07b78b5aecad20d77,PDF text extracted with pypdf.
Rechnung 2000 vom 06.11.2024  Zahariev Bearbeitung.pdf,Rechnung,ico,,"06.11.2024                                      2,50 € / 54                                       135,00 €",2024-11,Art,Sendungsverlust,,,2.50,sverluste,,&.Logistikbetrieb,00_INBOX - Входящи - Eingang/Enrico/peremailsendenrechnung1999vom06_11_2024sendungsverl.zip::Rechnung 2000 vom 06.11.2024  Zahariev Bearbeitung.pdf,00_INBOX - Входящи - Eingang/Enrico/peremailsendenrechnung1999vom06_11_2024sendungsverl.zip,MEDIUM,Sendungsverlust,41b6896d09b8ef3b8e4eb73cf5b9faaa37bf09dcc3e04fbf4406a3ae24ea3bd7,ico||2.50|41b6896d09b8ef3b8e4eb73cf5b9faaa37bf09dcc3e04fbf4406a3ae24ea3bd7,PDF text extracted with pypdf.
Rechnung 2001 vom 06.11.2024  Zahariev Hermes Bekleidung.pdf,Rechnung,ico,,,2024-11,Art,Scanner-related invoices,,,309.90,,,&.Logistikbetrieb,00_INBOX - Входящи - Eingang/Enrico/peremailsendenrechnung1999vom06_11_2024sendungsverl.zip::Rechnung 2001 vom 06.11.2024  Zahariev Hermes Bekleidung.pdf,00_INBOX - Входящи - Eingang/Enrico/peremailsendenrechnung1999vom06_11_2024sendungsverl.zip,MEDIUM,Scanner-related invoices,f5dfbd1890960196a3b2ad830c42d12988c92a3effbd9e0e4a3054777d8cc7ad,ico||309.90|f5dfbd1890960196a3b2ad830c42d12988c92a3effbd9e0e4a3054777d8cc7ad,PDF text extracted with pypdf.
Rechnung 2002 vom 06.11.2024 Scannermiete Zahariev.pdf,Rechnung,ico,,,2024-11,Art,Scannermiete,,,16.00,,,&.Logistikbetrieb,00_INBOX - Входящи - Eingang/Enrico/peremailsendenrechnung1999vom06_11_2024sendungsverl.zip::Rechnung 2002 vom 06.11.2024 Scannermiete Zahariev.pdf,00_INBOX - Входящи - Eingang/Enrico/peremailsendenrechnung1999vom06_11_2024sendungsverl.zip,MEDIUM,Scannermiete,5a569d1fe62aa893614623ce0c9efc4a6840c3a06fd44cbab06606c42faf1f39,ico||16.00|5a569d1fe62aa893614623ce0c9efc4a6840c3a06fd44cbab06606c42faf1f39,PDF text extracted with pypdf.
Zahlungsavis Zahariev Juni 2025.pdf,Gutschrift,224/163/00201,,,2025-07,,Gutschrift,,,38710.27,,,nnr.                                                                                                      Unser Vorgang                                                          Datum,00_INBOX - Входящи - Eingang/Enrico/rechnungenaus062025.zip::Zahlungsavis Zahariev Juni 2025.pdf,00_INBOX - Входящи - Eingang/Enrico/rechnungenaus062025.zip,MEDIUM,,a218401d2b9de3ce5d02765e122485d561867568228c7de048d5f851c967a0bd,224/163/00201||38710.27|a218401d2b9de3ce5d02765e122485d561867568228c7de048d5f851c967a0bd,PDF text extracted with pypdf.
Rechnung 2814 zahariev bekleidung.pdf,Rechnung,224/163/00201,,,2025-07,Art,Rechnung,,,140.00,,,nnr.                                                                                                      Unser Vorgang                                                          Datum,00_INBOX - Входящи - Eingang/Enrico/rechnungenaus062025.zip::Rechnung 2814 zahariev bekleidung.pdf,00_INBOX - Входящи - Eingang/Enrico/rechnungenaus062025.zip,MEDIUM,,1f00c6000c8527fb5ab8ca590cc41590cd358e5e0f3c93a0fffde148db7b1800,224/163/00201||140.00|1f00c6000c8527fb5ab8ca590cc41590cd358e5e0f3c93a0fffde148db7b1800,PDF text extracted with pypdf.
Rechnung 2813 zahariev bearbeitungsgeb_hr.pdf,Rechnung,224/163/00201,,"08.07.2025                                                    2,50 € / 16                                                         40,00 €",2025-07,Art,Sendungsverlust,,,2.50,sverluste,,nnr.                                                                    Unser Vorgang                                                                                        Datum,00_INBOX - Входящи - Eingang/Enrico/rechnungenaus062025.zip::Rechnung 2813 zahariev bearbeitungsgeb_hr.pdf,00_INBOX - Входящи - Eingang/Enrico/rechnungenaus062025.zip,MEDIUM,Sendungsverlust,612a5d4bc4bd153be171561700f79afb302be1ff35ac1d94b6b065befff02de7,224/163/00201||2.50|612a5d4bc4bd153be171561700f79afb302be1ff35ac1d94b6b065befff02de7,PDF text extracted with pypdf.
Rechnung 2812 Zahariev Hermes Sendungsverlust.pdf,Gutschrift,224/163/00201,,,2025-07,Art,Sendungsverlust,,,483.74,sverlust,520,nnr.                                                                    Unser Vorgang                                                                                        Datum,00_INBOX - Входящи - Eingang/Enrico/rechnungenaus062025.zip::Rechnung 2812 Zahariev Hermes Sendungsverlust.pdf,00_INBOX - Входящи - Eingang/Enrico/rechnungenaus062025.zip,MEDIUM,Sendungsverlust,0ea9412e76e9c6a5307a6cea4eaa5cba88c3070fd428c6fe655ca08ff9951f12,224/163/00201||483.74|0ea9412e76e9c6a5307a6cea4eaa5cba88c3070fd428c6fe655ca08ff9951f12,PDF text extracted with pypdf.
Rechnung 2811 Zahariev scannermiete.pdf,Rechnung,224/163/00201,,,2025-07,Art,Scanner-related invoices,,,280.00,,,nnr.                                                                                                      Unser Vorgang                                                          Datum,00_INBOX - Входящи - Eingang/Enrico/rechnungenaus062025.zip::Rechnung 2811 Zahariev scannermiete.pdf,00_INBOX - Входящи - Eingang/Enrico/rechnungenaus062025.zip,MEDIUM,Scanner-related invoices,f6f34eb173aaa899cfe6acbecb9b838e0b3e7d5562ec83d1075a0e900e3bf07e,224/163/00201||280.00|f6f34eb173aaa899cfe6acbecb9b838e0b3e7d5562ec83d1075a0e900e3bf07e,PDF text extracted with pypdf.
Rechnung 2810 Zahariev TF Touren.pdf,Rechnung,224/163/00201,,,2025-07,Art,Rechnung,,,2910.00,,en,nnr.                                                                          Unser Vorgang                                                                                                  Datum,00_INBOX - Входящи - Eingang/Enrico/rechnungenaus062025.zip::Rechnung 2810 Zahariev TF Touren.pdf,00_INBOX - Входящи - Eingang/Enrico/rechnungenaus062025.zip,MEDIUM,,97b92b663ecd79e9bcc62a2500148e88ca976873b228cb5be11ab67de68d23a7,224/163/00201||2910.00|97b92b663ecd79e9bcc62a2500148e88ca976873b228cb5be11ab67de68d23a7,PDF text extracted with pypdf.
Rechnung 2837 zahariev bearbeitungsgebühr.pdf,Rechnung,224/163/00201,,"11.08.2025                                                    2,50 € / 8                                                                     20,00 €",2025-08,Art,Sendungsverlust,,,2.50,sverluste,,nnr.                                                                    Unser Vorgang                                                                                        Datum,00_INBOX - Входящи - Eingang/Enrico/rechnungenfrjuli25.zip::Rechnung 2837 zahariev bearbeitungsgebühr.pdf,00_INBOX - Входящи - Eingang/Enrico/rechnungenfrjuli25.zip,MEDIUM,Sendungsverlust,8d23cfcb2a7f28549ae4c6083c7d74e2b329039116fcff8cb90e98cb6bbe22fa,224/163/00201||2.50|8d23cfcb2a7f28549ae4c6083c7d74e2b329039116fcff8cb90e98cb6bbe22fa,PDF text extracted with pypdf.
Rechnung 2836 zahariev sendungsverlust.pdf,Rechnung,224/163/00201,,,2025-08,Art,Sendungsverlust,,,238.89,sverlust,520,nnr.                                                                    Unser Vorgang                                                                                        Datum,00_INBOX - Входящи - Eingang/Enrico/rechnungenfrjuli25.zip::Rechnung 2836 zahariev sendungsverlust.pdf,00_INBOX - Входящи - Eingang/Enrico/rechnungenfrjuli25.zip,MEDIUM,Sendungsverlust,2b3d763aa580353e631210867a1a76871753c93e5f6839959039f3adb3063fb7,224/163/00201||238.89|2b3d763aa580353e631210867a1a76871753c93e5f6839959039f3adb3063fb7,PDF text extracted with pypdf.
