evidence_row_id,month,category,amount_type,amount,creditor,employee_name,document_number,document_date,period_label,source_file,source_page,source_snippet,matched_pattern,extraction_method,confidence,include_in_monthly_totals,exclusion_reason
FE-000001,2024-03,Enrico,REVENUE,186243.20,Enrico/Sachsenpower,,7-2024,2024-04-02,01.03.2024 -31.03.2024,00_INBOX - Входящи - Eingang/Enrico/07.2024.pdf,,Gutschrift document total,document_total,enrico_deductions_detailed.csv,HIGH,YES,
FE-000002,2024-03,Enrico,ENRICO_OTHER_DEDUCTION,-180.25,Enrico/Sachsenpower,,7-2024,2024-04-02,01.03.2024 -31.03.2024,00_INBOX - Входящи - Eingang/Enrico/07.2024.pdf,,Abschlag Mitnahme,1201,enrico_deductions_detailed.csv,MEDIUM,YES,
FE-000003,2024-03,Enrico,ENRICO_OTHER_DEDUCTION,-123.00,Enrico/Sachsenpower,,7-2024,2024-04-02,01.03.2024 -31.03.2024,00_INBOX - Входящи - Eingang/Enrico/07.2024.pdf,,Abschlag Quittungslose Sendung,1202,enrico_deductions_detailed.csv,MEDIUM,YES,
FE-000004,2024-03,Enrico,ENRICO_COINCIDENT_DEDUCTION,-6245.92,Enrico/Sachsenpower,,7-2024,2024-04-02,01.03.2024 -31.03.2024,00_INBOX - Входящи - Eingang/Enrico/07.2024.pdf,,Abschlag Coincident,1203,enrico_deductions_detailed.csv,MEDIUM,YES,
FE-000005,2024-08,Enrico,ENRICO_REFUND,916.00,Enrico/Sachsenpower,,34-2024,,vom 13.08.2024,00_INBOX - Входящи - Eingang/Enrico/Gutschrift 34-2024 Zahariev Martin 04.10.2024.pdf,,Refund Gutschrift,refund,enrico_deductions_detailed.csv,HIGH,YES,
FE-000006,2025-03,Enrico,ENRICO_REFUND,50.00,Enrico/Sachsenpower,,71-2025,,vom 26.03.2025,00_INBOX - Входящи - Eingang/Enrico/gutschrift 71 2025 zahariev Sendungsverlust.pdf,,Refund Gutschrift,refund,enrico_deductions_detailed.csv,HIGH,YES,
FE-000007,2024-11,Enrico,ENRICO_REFUND,100.00,Enrico/Sachsenpower,,51-2025,,vom 15.11.2024,00_INBOX - Входящи - Eingang/Enrico/Martin Zahariev Gutschrift 51 17.02.2025.pdf,,Refund Gutschrift,refund,enrico_deductions_detailed.csv,HIGH,YES,
FE-000008,2024-12,Enrico,ENRICO_REFUND,95.95,Enrico/Sachsenpower,,55-2025,,vom 18.12.2024,00_INBOX - Входящи - Eingang/Enrico/Martin Zahariev Gutschrift 55 08.03.2025.pdf,,Refund Gutschrift,refund,enrico_deductions_detailed.csv,HIGH,YES,
FE-000009,2025-03,Enrico,ENRICO_OTHER_DEDUCTION,16.00,Enrico/Sachsenpower,,02068,,,00_INBOX - Входящи - Eingang/Enrico/Martin Zahariev Transporte 2058 08.03.2025 Scannermiete.pdf,,Scannermiete,Art,enrico_deductions_detailed.csv,MEDIUM,YES,
FE-000010,2025-05,Enrico,UNKNOWN_AMOUNT_DO_NOT_SUM,50.99,Enrico/Sachsenpower,,,,01.05.2025 – 31.05.2025,00_INBOX - Входящи - Eingang/Enrico/abrechnungmai2025.zip::Leistungsnachweis Zahariev Mai 25 Sachsenpower GmbH & Co. KG.pdf,,Rechnung,document_total,enrico_deductions_detailed.csv,MEDIUM,NO,Enrico row amount meaning is not one of the strict allowed deduction/refund/revenue categories.
FE-000011,2025-05,Enrico,REVENUE,120491.84,Enrico/Sachsenpower,,66-2025,,vom 01.05.2025 – 31.05.2025,00_INBOX - Входящи - Eingang/Enrico/abrechnungmai2025.zip::gutschrift 66 Mai 2025 zahariev.pdf,,Gutschrift document total,document_total,enrico_deductions_detailed.csv,HIGH,YES,
FE-000012,2024-09,Enrico,UNKNOWN_AMOUNT_DO_NOT_SUM,74.04,Enrico/Sachsenpower,,,,01.09.2024 – 30.09.2024,00_INBOX - Входящи - Eingang/Enrico/abrechnungseptember.zip::Leistungsnachweis September 2024.pdf,,Rechnung,document_total,enrico_deductions_detailed.csv,MEDIUM,NO,Enrico row amount meaning is not one of the strict allowed deduction/refund/revenue categories.
FE-000013,2024-09,Enrico,REVENUE,176234.29,Enrico/Sachsenpower,,31-2024,,vom 01.09.2024 – 30.09.2024,00_INBOX - Входящи - Eingang/Enrico/abrechnungseptember.zip::Gutschrift 31-2024 Zahariev Martin 30.09.2024.pdf,,Gutschrift document total,document_total,enrico_deductions_detailed.csv,HIGH,YES,
FE-000014,2025-02,Enrico,ENRICO_REFUND,75.91,Enrico/Sachsenpower,,60-2025,,vom 10.02.2025,00_INBOX - Входящи - Eingang/Enrico/fwgutschriftrechnungen.zip::gutschrift 05.04. 2025 zahariev.pdf,,Refund Gutschrift,refund,enrico_deductions_detailed.csv,HIGH,YES,
FE-000015,2025-03,Enrico,ENRICO_SENDUNGSVERLUST_DEDUCTION,89.50,Enrico/Sachsenpower,,02766,,,00_INBOX - Входящи - Eingang/Enrico/fwgutschriftrechnungen.zip::Rechnung 2766 Zahariev Hermes Sendungsverlust.pdf,,Sendungsverlust,Art,enrico_deductions_detailed.csv,MEDIUM,YES,
FE-000016,2025-04,Enrico,UNKNOWN_AMOUNT_DO_NOT_SUM,15.50,Enrico/Sachsenpower,,02764,,,00_INBOX - Входящи - Eingang/Enrico/fwgutschriftrechnungen.zip::Rechnung 2764 Zahariev Hermes Kleidung.pdf,,Rechnung,Art,enrico_deductions_detailed.csv,MEDIUM,NO,Enrico row amount meaning is not one of the strict allowed deduction/refund/revenue categories.
FE-000017,2025-04,Enrico,ENRICO_OTHER_DEDUCTION,16.00,Enrico/Sachsenpower,,02765,,,00_INBOX - Входящи - Eingang/Enrico/fwgutschriftrechnungen.zip::Rechnung 2765 Zahariev Hermes Scannermiete.pdf,,Scannermiete,Art,enrico_deductions_detailed.csv,MEDIUM,YES,
FE-000018,2025-04,Enrico,ENRICO_SENDUNGSVERLUST_DEDUCTION,2.50,Enrico/Sachsenpower,,02767,,"05.04.2025                                                    2,50 € / 17                                                         42,50 €",00_INBOX - Входящи - Eingang/Enrico/fwgutschriftrechnungen.zip::Rechnung 2767 Zahariev Hermes Bearbeitungsgebuhr.pdf,,Sendungsverlust,Art,enrico_deductions_detailed.csv,MEDIUM,YES,
FE-000019,2024-11,Enrico,REVENUE,232318.76,Enrico/Sachsenpower,,42-2024,,vom 01.11.2024 – 30.11.2024,00_INBOX - Входящи - Eingang/Enrico/gutschriftundrechnungen.zip::Gutschrift 42-2024 Zahariev Martin 30.11.2024.pdf,,Gutschrift document total,document_total,enrico_deductions_detailed.csv,HIGH,YES,
FE-000020,2024-12,Enrico,ENRICO_SENDUNGSVERLUST_DEDUCTION,10.00,Enrico/Sachsenpower,,02014,,,00_INBOX - Входящи - Eingang/Enrico/gutschriftundrechnungen.zip::Rechnung 2014 vom 05.12.2024 Sendungsverlust Zahariev.pdf,,Sendungsverlust,Art,enrico_deductions_detailed.csv,MEDIUM,YES,
FE-000021,2024-12,Enrico,ENRICO_SENDUNGSVERLUST_DEDUCTION,2.50,Enrico/Sachsenpower,,02015,,"07.12.2024                                      2,50 € / 66                                      165,00 €",00_INBOX - Входящи - Eingang/Enrico/gutschriftundrechnungen.zip::Rechnung 2015 07.12.2024 Martin Zahariev.pdf,,Sendungsverlust,Art,enrico_deductions_detailed.csv,MEDIUM,YES,
FE-000022,2024-12,Enrico,UNKNOWN_AMOUNT_DO_NOT_SUM,42.43,Enrico/Sachsenpower,,02023,,,00_INBOX - Входящи - Eingang/Enrico/gutschriftundrechnungen.zip::Rechnung 2023 vom 07.12.2024  Zahariev HERMES Bekleidung.pdf,,Scanner-related invoices,Art,enrico_deductions_detailed.csv,MEDIUM,NO,Enrico row amount meaning is not one of the strict allowed deduction/refund/revenue categories.
FE-000023,2024-10,Enrico,REVENUE,197442.02,Enrico/Sachsenpower,,38-2024,,vom 01.10.2024 – 31.10.2024,00_INBOX - Входящи - Eingang/Enrico/peremailsendengutschrift382024zaharievmartin31_10_.zip::Gutschrift 38-2024 Zahariev Martin 31.10.2024.pdf,,Gutschrift document total,document_total,enrico_deductions_detailed.csv,HIGH,YES,
FE-000024,2024-10,Enrico,UNKNOWN_AMOUNT_DO_NOT_SUM,82.85,Enrico/Sachsenpower,,,,01.10.2024 – 31.10.2024,00_INBOX - Входящи - Eingang/Enrico/peremailsendengutschrift382024zaharievmartin31_10_.zip::Leistungsnachweis Oktober 2024.pdf,,Rechnung,document_total,enrico_deductions_detailed.csv,MEDIUM,NO,Enrico row amount meaning is not one of the strict allowed deduction/refund/revenue categories.
FE-000025,2024-11,Enrico,UNKNOWN_AMOUNT_DO_NOT_SUM,98.74,Enrico/Sachsenpower,,,,01.11.2024 – 30.11.2024,00_INBOX - Входящи - Eingang/Enrico/peremailsendengutschrift422024zaharievmartin30_11_.zip::Leistungsnachweis November 2024.pdf,,Rechnung,document_total,enrico_deductions_detailed.csv,MEDIUM,NO,Enrico row amount meaning is not one of the strict allowed deduction/refund/revenue categories.
FE-000026,2024-12,Enrico,REVENUE,188941.38,Enrico/Sachsenpower,,44-2024,,vom 01.12.2024 – 31.12.2024,00_INBOX - Входящи - Eingang/Enrico/peremailsendengutschrift442024zaharievmartin31_12_.zip::Gutschrift 44-2024 Zahariev Martin 31.12.2024.pdf,,Gutschrift document total,document_total,enrico_deductions_detailed.csv,HIGH,YES,
FE-000027,2024-12,Enrico,UNKNOWN_AMOUNT_DO_NOT_SUM,79.08,Enrico/Sachsenpower,,,,01.12.2024 – 31.12.2024,00_INBOX - Входящи - Eingang/Enrico/peremailsendengutschrift442024zaharievmartin31_12_.zip::Leistungsnachweis Dezember Zahariev 2024.pdf,,Rechnung,document_total,enrico_deductions_detailed.csv,MEDIUM,NO,Enrico row amount meaning is not one of the strict allowed deduction/refund/revenue categories.
FE-000028,2025-03,Enrico,REVENUE,202395.66,Enrico/Sachsenpower,,57-2025,,vom 01.03.2025 – 31.03.2025,00_INBOX - Входящи - Eingang/Enrico/peremailsendengutschriftmrz2025zahariev_pdf.zip::gutschrift märz 2025 zahariev.pdf,,Gutschrift document total,document_total,enrico_deductions_detailed.csv,HIGH,YES,
FE-000029,2025-03,Enrico,UNKNOWN_AMOUNT_DO_NOT_SUM,81.11,Enrico/Sachsenpower,,,,01.03.2025 – 31.03.2025,00_INBOX - Входящи - Eingang/Enrico/peremailsendengutschriftmrz2025zahariev_pdf.zip::Leistungsnachweis Subunternehmer Sachsenpower GmbH & Co. KG.pdf,,Rechnung,document_total,enrico_deductions_detailed.csv,MEDIUM,NO,Enrico row amount meaning is not one of the strict allowed deduction/refund/revenue categories.
FE-000030,2025-02,Enrico,UNKNOWN_AMOUNT_DO_NOT_SUM,71.25,Enrico/Sachsenpower,,,,01.02.2025 – 28.02.2025,00_INBOX - Входящи - Eingang/Enrico/peremailsendenleistungsnachweismartinzaharievfebruar.zip::Leistungsnachweis Martin Zahariev Februar 2025.pdf,,Rechnung,document_total,enrico_deductions_detailed.csv,MEDIUM,NO,Enrico row amount meaning is not one of the strict allowed deduction/refund/revenue categories.
FE-000031,2025-02,Enrico,REVENUE,170271.25,Enrico/Sachsenpower,,52-2025,,vom 01.02.2025 – 28.02.2025,00_INBOX - Входящи - Eingang/Enrico/peremailsendenleistungsnachweismartinzaharievfebruar.zip::Martin Zahariev Gutschrift 52 28.02.2025.pdf,,Gutschrift document total,document_total,enrico_deductions_detailed.csv,HIGH,YES,
FE-000032,2025-01,Enrico,REVENUE,189578.90,Enrico/Sachsenpower,,48-2025,,vom 01.01.2025 – 31.01.2025,00_INBOX - Входящи - Eingang/Enrico/peremailsendenmartinzaharievgutschrift4831_01_2025_.zip::Martin Zahariev Gutschrift 48 31.01.2025.pdf,,Gutschrift document total,document_total,enrico_deductions_detailed.csv,HIGH,YES,
FE-000033,2025-01,Enrico,UNKNOWN_AMOUNT_DO_NOT_SUM,79.29,Enrico/Sachsenpower,,,,01.01.2025 – 31.01.2025,00_INBOX - Входящи - Eingang/Enrico/peremailsendenmartinzaharievgutschrift4831_01_2025_.zip::Leistungsnachweis Martin Zahariev Januar 2025.pdf,,Rechnung,document_total,enrico_deductions_detailed.csv,MEDIUM,NO,Enrico row amount meaning is not one of the strict allowed deduction/refund/revenue categories.
FE-000034,2025-01,Enrico,ENRICO_OTHER_DEDUCTION,16.00,Enrico/Sachsenpower,,02036,,,00_INBOX - Входящи - Eingang/Enrico/peremailsendenmartinzaharievtransporte203608_01_202.zip::Martin Zahariev Transporte 2036 08.01.2025 Scannermiete.pdf,,Scannermiete,Art,enrico_deductions_detailed.csv,MEDIUM,YES,
FE-000035,2025-01,Enrico,ENRICO_SENDUNGSVERLUST_DEDUCTION,49.39,Enrico/Sachsenpower,,02037,,,00_INBOX - Входящи - Eingang/Enrico/peremailsendenmartinzaharievtransporte203608_01_202.zip::Martin Zahariev Transporte 2037 08.01.2025 Sendungsverluste.pdf,,Sendungsverlust,Art,enrico_deductions_detailed.csv,MEDIUM,YES,
FE-000036,2025-01,Enrico,ENRICO_SENDUNGSVERLUST_DEDUCTION,2.50,Enrico/Sachsenpower,,02038,,"08.01.2025                                      2,50 € / 61                                      152,50 €",00_INBOX - Входящи - Eingang/Enrico/peremailsendenmartinzaharievtransporte203608_01_202.zip::Martin Zahariev Transporte 2038 08.01.2025 Bearbeitungsgebühr.pdf,,Sendungsverlust,Art,enrico_deductions_detailed.csv,MEDIUM,YES,
FE-000037,2025-01,Enrico,UNKNOWN_AMOUNT_DO_NOT_SUM,31.93,Enrico/Sachsenpower,,02035,,,00_INBOX - Входящи - Eingang/Enrico/peremailsendenmartinzaharievtransporte203608_01_202.zip::Martin Zahariev Transporte 2035 08.01.2025 Hermes Bekleidung.pdf,,Scanner-related invoices,Art,enrico_deductions_detailed.csv,MEDIUM,NO,Enrico row amount meaning is not one of the strict allowed deduction/refund/revenue categories.
FE-000038,2025-02,Enrico,ENRICO_OTHER_DEDUCTION,16.00,Enrico/Sachsenpower,,02054,,,00_INBOX - Входящи - Eingang/Enrico/peremailsendenmartinzaharievtransporte205407_02_202.zip::Martin Zahariev Transporte 2054 07.02.2025 Scannermiete.pdf,,Scannermiete,Art,enrico_deductions_detailed.csv,MEDIUM,YES,
FE-000039,2025-02,Enrico,ENRICO_SENDUNGSVERLUST_DEDUCTION,70.79,Enrico/Sachsenpower,,02055,,,00_INBOX - Входящи - Eingang/Enrico/peremailsendenmartinzaharievtransporte205407_02_202.zip::Martin Zahariev Transporte 2055 07.02.2025 Sendungsverluste.pdf,,Sendungsverlust,Art,enrico_deductions_detailed.csv,MEDIUM,YES,
FE-000040,2025-02,Enrico,ENRICO_SENDUNGSVERLUST_DEDUCTION,2.50,Enrico/Sachsenpower,,02056,,"07.02.2025                                      2,50 € / 55                                      137,50 €",00_INBOX - Входящи - Eingang/Enrico/peremailsendenmartinzaharievtransporte205407_02_202.zip::Martin Zahariev Transporte 2056 07.02.2025 Bearbeitungsgebühr.pdf,,Sendungsverlust,Art,enrico_deductions_detailed.csv,MEDIUM,YES,
FE-000041,2025-02,Enrico,UNKNOWN_AMOUNT_DO_NOT_SUM,79.43,Enrico/Sachsenpower,,02057,,,00_INBOX - Входящи - Eingang/Enrico/peremailsendenmartinzaharievtransporte205407_02_202.zip::Martin Zahariev Transporte 2057 07.02.2025 Hermes Bekleidung.pdf,,Scanner-related invoices,Art,enrico_deductions_detailed.csv,MEDIUM,NO,Enrico row amount meaning is not one of the strict allowed deduction/refund/revenue categories.
FE-000042,2025-03,Enrico,ENRICO_SENDUNGSVERLUST_DEDUCTION,2.50,Enrico/Sachsenpower,,02070,,"08.03.2025                                      2,50 € / 33                                       82,50 €",00_INBOX - Входящи - Eingang/Enrico/peremailsendenmartinzaharievtransporte207008_03_202.zip::Martin Zahariev Transporte 2070 08.03.2025 Sendungsverluste.pdf,,Sendungsverlust,Art,enrico_deductions_detailed.csv,MEDIUM,YES,
FE-000043,2025-03,Enrico,ENRICO_SENDUNGSVERLUST_DEDUCTION,131.05,Enrico/Sachsenpower,,02069,,,00_INBOX - Входящи - Eingang/Enrico/peremailsendenmartinzaharievtransporte207008_03_202.zip::Martin Zahariev Transporte 2069 08.03.2025 Sendungsverluste.pdf,,Sendungsverlust,Art,enrico_deductions_detailed.csv,MEDIUM,YES,
FE-000044,2024-11,Enrico,ENRICO_SENDUNGSVERLUST_DEDUCTION,145.15,Enrico/Sachsenpower,,01999,,,00_INBOX - Входящи - Eingang/Enrico/peremailsendenrechnung1999vom06_11_2024sendungsverl.zip::Rechnung 1999 vom 06.11.2024 Sendungsverlust Zahariev.pdf,,Sendungsverlust,Art,enrico_deductions_detailed.csv,MEDIUM,YES,
FE-000045,2024-11,Enrico,ENRICO_SENDUNGSVERLUST_DEDUCTION,2.50,Enrico/Sachsenpower,,02000,,"06.11.2024                                      2,50 € / 54                                       135,00 €",00_INBOX - Входящи - Eingang/Enrico/peremailsendenrechnung1999vom06_11_2024sendungsverl.zip::Rechnung 2000 vom 06.11.2024  Zahariev Bearbeitung.pdf,,Sendungsverlust,Art,enrico_deductions_detailed.csv,MEDIUM,YES,
FE-000046,2024-11,Enrico,UNKNOWN_AMOUNT_DO_NOT_SUM,309.90,Enrico/Sachsenpower,,02001,,,00_INBOX - Входящи - Eingang/Enrico/peremailsendenrechnung1999vom06_11_2024sendungsverl.zip::Rechnung 2001 vom 06.11.2024  Zahariev Hermes Bekleidung.pdf,,Scanner-related invoices,Art,enrico_deductions_detailed.csv,MEDIUM,NO,Enrico row amount meaning is not one of the strict allowed deduction/refund/revenue categories.
FE-000047,2024-11,Enrico,ENRICO_OTHER_DEDUCTION,16.00,Enrico/Sachsenpower,,02002,,,00_INBOX - Входящи - Eingang/Enrico/peremailsendenrechnung1999vom06_11_2024sendungsverl.zip::Rechnung 2002 vom 06.11.2024 Scannermiete Zahariev.pdf,,Scannermiete,Art,enrico_deductions_detailed.csv,MEDIUM,YES,
FE-000048,2024-07,Health Insurance,UNKNOWN_AMOUNT_DO_NOT_SUM,915.48,KKH,,,,,00_INBOX - Входящи - Eingang/Accounting_Organized/02_Payroll/Lohnauswertungen_Juli_2024.pdf,,"bezahlter Urlaub 2000 Gehalt L L J 915,48",bezahlt,health_labeled_amounts,HIGH,NO,Health amount excluded because source category or matched label is not strict enough.
FE-000049,2024-11,Health Insurance,UNKNOWN_AMOUNT_DO_NOT_SUM,1165.16,AOK Plus,,,,,00_INBOX - Входящи - Eingang/Accounting_Organized/02_Payroll/Lohnauswertungen_Oktober_2024.pdf,,"bezahlter Urlaub 2000 Gehalt L L J 1.165,16",bezahlt,health_labeled_amounts,HIGH,NO,Health amount excluded because source category or matched label is not strict enough.
FE-000050,2025-06,Health Insurance,UNKNOWN_AMOUNT_DO_NOT_SUM,30000.00,AOK Plus,,,,,00_INBOX - Входящи - Eingang/Accounting_Organized/04_Health_Insurance/Tabelle nach § 175 InsO mit Grund des Bestreitens.pdf,,"Beiträge EUR GESAMTFORDERUNG 30.000,00",Beiträge,health_labeled_amounts,HIGH,NO,Health amount excluded because source category or matched label is not strict enough.
FE-000051,2025-06,Health Insurance,UNKNOWN_AMOUNT_DO_NOT_SUM,5.20,AOK Plus,,,,,00_INBOX - Входящи - Eingang/Accounting_Organized/04_Health_Insurance/Tabelle nach § 175 InsO mit Grund des Bestreitens.pdf,,"Beiträge EUR GESAMTFORDERUNG 30.000,00",Beiträge,health_labeled_amounts,HIGH,NO,Health amount excluded because source category or matched label is not strict enough.
FE-000052,2025-06,Health Insurance,UNKNOWN_AMOUNT_DO_NOT_SUM,2494.00,AOK Plus,,,,,00_INBOX - Входящи - Eingang/Accounting_Organized/04_Health_Insurance/Tabelle nach § 175 InsO mit Grund des Bestreitens.pdf,,"Beiträge EUR GESAMTFORDERUNG 30.000,00",Beiträge,health_labeled_amounts,HIGH,NO,Health amount excluded because source category or matched label is not strict enough.
FE-000053,2025-06,Health Insurance,UNKNOWN_AMOUNT_DO_NOT_SUM,29.00,AOK Plus,,,,,00_INBOX - Входящи - Eingang/Accounting_Organized/04_Health_Insurance/Tabelle nach § 175 InsO mit Grund des Bestreitens.pdf,,"Beiträge EUR GESAMTFORDERUNG 30.000,00",Beiträge,health_labeled_amounts,HIGH,NO,Health amount excluded because source category or matched label is not strict enough.
FE-000054,2024-05,Health Insurance,UNKNOWN_AMOUNT_DO_NOT_SUM,-1764.63,AOK Plus,,,,,00_INBOX - Входящи - Eingang/Accounting_Organized/06_Bank_Payments/10. Nachweis von Lohnzahlungen - Bankkontoumsätze 2024.pdf,,"Lastschrift mangels Konto deckung oder wegen fe hlende r / fehlerhaften Angaben. -1.764,63",Lastschrift,health_labeled_amounts,HIGH,NO,Health amount excluded because source category or matched label is not strict enough.
FE-000055,2024-05,Health Insurance,UNKNOWN_AMOUNT_DO_NOT_SUM,68848.69,AOK Plus,,,,,00_INBOX - Входящи - Eingang/Accounting_Organized/06_Bank_Payments/10. Nachweis von Lohnzahlungen - Bankkontoumsätze 2024.pdf,,"Lastschrift mangels Konto deckung oder wegen fe hlende r / fehlerhaften Angaben. -1.764,63",Lastschrift,health_labeled_amounts,HIGH,NO,Health amount excluded because source category or matched label is not strict enough.
FE-000056,2025-03,Health Insurance,UNKNOWN_AMOUNT_DO_NOT_SUM,801.50,TK,,,,,00_INBOX - Входящи - Eingang/Accounting_Organized/08_Operating_Costs/BWA 03-2025.pdf,,"Beiträge 801,50",Beiträge,health_labeled_amounts,HIGH,NO,Health amount excluded because source category or matched label is not strict enough.
FE-000057,2024-05,Health Insurance,UNKNOWN_AMOUNT_DO_NOT_SUM,1548.00,AOK Plus,,,,,00_INBOX - Входящи - Eingang/Accounting_Organized/03_Employee_Payslips/8. Lohnabrechnungen aller Mitarbeiter.zip::8. Lohnabrechnungen aller Mitarbeiter/Entgeltabrechnungen 04-2024.pdf,,"bezahlter Urlaub 2000 Gehalt L L J 1.548,00",bezahlt,health_labeled_amounts,HIGH,NO,Health amount excluded because source category or matched label is not strict enough.
FE-000058,2025-01,Tax,UNKNOWN_AMOUNT_DO_NOT_SUM,1215.78,Hauptzollamt,,,,,00_INBOX - Входящи - Eingang/Accounting_Organized/02_Payroll/Zoll Kitanov.pdf,,"Zahlungsvorgänge: 1 215,78",Zahlung,tax_labeled_amounts,HIGH,NO,Tax amount excluded because creditor/tax type/source category does not strictly identify a tax obligation/payment/unpaid balance.
FE-000059,2024-01,Tax,UNKNOWN_AMOUNT_DO_NOT_SUM,249.68,Finanzamt,,,,,00_INBOX - Входящи - Eingang/Accounting_Organized/03_Employee_Payslips/Entgeltbescheinigungen 01-2024.pdf,,"Gesamtbetrag pro Monat 249,68",Gesamtbetrag,tax_labeled_amounts,HIGH,NO,Tax amount excluded because creditor/tax type/source category does not strictly identify a tax obligation/payment/unpaid balance.
FE-000060,2024-01,Tax,UNKNOWN_AMOUNT_DO_NOT_SUM,5889.13,Finanzamt,,,,,00_INBOX - Входящи - Eingang/Accounting_Organized/03_Employee_Payslips/Entgeltbescheinigungen 01-2024.pdf,,"Gesamtbetrag pro Monat 249,68",Gesamtbetrag,tax_labeled_amounts,HIGH,NO,Tax amount excluded because creditor/tax type/source category does not strictly identify a tax obligation/payment/unpaid balance.
FE-000061,2024-02,Tax,UNKNOWN_AMOUNT_DO_NOT_SUM,682.88,Finanzamt,,,,,00_INBOX - Входящи - Eingang/Accounting_Organized/03_Employee_Payslips/Entgeltbescheinigungen 02-2024.pdf,,"Gesamtbetrag pro Monat 682,88",Gesamtbetrag,tax_labeled_amounts,HIGH,NO,Tax amount excluded because creditor/tax type/source category does not strictly identify a tax obligation/payment/unpaid balance.
FE-000062,2024-02,Tax,UNKNOWN_AMOUNT_DO_NOT_SUM,7277.62,Finanzamt,,,,,00_INBOX - Входящи - Eingang/Accounting_Organized/03_Employee_Payslips/Entgeltbescheinigungen 02-2024.pdf,,"Gesamtbetrag pro Monat 682,88",Gesamtbetrag,tax_labeled_amounts,HIGH,NO,Tax amount excluded because creditor/tax type/source category does not strictly identify a tax obligation/payment/unpaid balance.
FE-000063,2024-09,Tax,UNKNOWN_AMOUNT_DO_NOT_SUM,4981.86,Finanzamt,,,,,00_INBOX - Входящи - Eingang/Accounting_Organized/03_Employee_Payslips/Entgeltbescheinigungen 02-2025.pdf,,"bezahlt wurden. *** Finanzamt 09097 Chemnitz Bar/Einzug 215/291/01497 02/2025 4.981,86",bezahlt,tax_labeled_amounts,HIGH,NO,Tax amount excluded because creditor/tax type/source category does not strictly identify a tax obligation/payment/unpaid balance.
FE-000064,2024-03,Tax,UNKNOWN_AMOUNT_DO_NOT_SUM,2413.55,Finanzamt,,,,,00_INBOX - Входящи - Eingang/Accounting_Organized/03_Employee_Payslips/Entgeltbescheinigungen 03-2024.pdf,,"Gesamtbetrag pro Monat 2.413,55",Gesamtbetrag,tax_labeled_amounts,HIGH,NO,Tax amount excluded because creditor/tax type/source category does not strictly identify a tax obligation/payment/unpaid balance.
FE-000065,2024-03,Tax,UNKNOWN_AMOUNT_DO_NOT_SUM,6556.53,Finanzamt,,,,,00_INBOX - Входящи - Eingang/Accounting_Organized/03_Employee_Payslips/Entgeltbescheinigungen 03-2024.pdf,,"Gesamtbetrag pro Monat 2.413,55",Gesamtbetrag,tax_labeled_amounts,HIGH,NO,Tax amount excluded because creditor/tax type/source category does not strictly identify a tax obligation/payment/unpaid balance.
FE-000066,2024-04,Tax,UNKNOWN_AMOUNT_DO_NOT_SUM,344.00,Finanzamt,,,,,00_INBOX - Входящи - Eingang/Accounting_Organized/03_Employee_Payslips/Entgeltbescheinigungen 04-2024.pdf,,"Gesamtbetrag pro Monat 344,00",Gesamtbetrag,tax_labeled_amounts,HIGH,NO,Tax amount excluded because creditor/tax type/source category does not strictly identify a tax obligation/payment/unpaid balance.
FE-000067,2024-04,Tax,UNKNOWN_AMOUNT_DO_NOT_SUM,5689.02,Finanzamt,,,,,00_INBOX - Входящи - Eingang/Accounting_Organized/03_Employee_Payslips/Entgeltbescheinigungen 04-2024.pdf,,"Gesamtbetrag pro Monat 344,00",Gesamtbetrag,tax_labeled_amounts,HIGH,NO,Tax amount excluded because creditor/tax type/source category does not strictly identify a tax obligation/payment/unpaid balance.
FE-000068,2024-05,Tax,UNKNOWN_AMOUNT_DO_NOT_SUM,416.13,Finanzamt,,,,,00_INBOX - Входящи - Eingang/Accounting_Organized/03_Employee_Payslips/Entgeltbescheinigungen 05-2024.pdf,,"Gesamtbetrag pro Monat 416,13",Gesamtbetrag,tax_labeled_amounts,HIGH,NO,Tax amount excluded because creditor/tax type/source category does not strictly identify a tax obligation/payment/unpaid balance.
FE-000069,2024-05,Tax,UNKNOWN_AMOUNT_DO_NOT_SUM,5869.18,Finanzamt,,,,,00_INBOX - Входящи - Eingang/Accounting_Organized/03_Employee_Payslips/Entgeltbescheinigungen 05-2024.pdf,,"Gesamtbetrag pro Monat 416,13",Gesamtbetrag,tax_labeled_amounts,HIGH,NO,Tax amount excluded because creditor/tax type/source category does not strictly identify a tax obligation/payment/unpaid balance.
FE-000070,2025-05,Tax,UNKNOWN_AMOUNT_DO_NOT_SUM,4634.82,Finanzamt,,,,,00_INBOX - Входящи - Eingang/Accounting_Organized/03_Employee_Payslips/Entgeltbescheinigungen 05-2025.pdf,,"bezahlt wurden. ***Finanzamt 09097 Chemnitz Bar/Einzug 215/291/01497 05/2025 4.634,82",bezahlt,tax_labeled_amounts,HIGH,NO,Tax amount excluded because creditor/tax type/source category does not strictly identify a tax obligation/payment/unpaid balance.
FE-000071,2024-06,Tax,UNKNOWN_AMOUNT_DO_NOT_SUM,1118.00,Finanzamt,,,,,00_INBOX - Входящи - Eingang/Accounting_Organized/03_Employee_Payslips/Entgeltbescheinigungen 06-2024.pdf,,"Gesamtbetrag pro Monat 1.118,00",Gesamtbetrag,tax_labeled_amounts,HIGH,NO,Tax amount excluded because creditor/tax type/source category does not strictly identify a tax obligation/payment/unpaid balance.
FE-000072,2024-06,Tax,UNKNOWN_AMOUNT_DO_NOT_SUM,5991.28,Finanzamt,,,,,00_INBOX - Входящи - Eingang/Accounting_Organized/03_Employee_Payslips/Entgeltbescheinigungen 06-2024.pdf,,"Gesamtbetrag pro Monat 1.118,00",Gesamtbetrag,tax_labeled_amounts,HIGH,NO,Tax amount excluded because creditor/tax type/source category does not strictly identify a tax obligation/payment/unpaid balance.
FE-000073,2024-07,Tax,UNKNOWN_AMOUNT_DO_NOT_SUM,1248.39,Finanzamt,,,,,00_INBOX - Входящи - Eingang/Accounting_Organized/03_Employee_Payslips/Entgeltbescheinigungen 07-2024.pdf,,"Gesamtbetrag pro Monat 1.248,39",Gesamtbetrag,tax_labeled_amounts,HIGH,NO,Tax amount excluded because creditor/tax type/source category does not strictly identify a tax obligation/payment/unpaid balance.
FE-000074,2024-07,Tax,UNKNOWN_AMOUNT_DO_NOT_SUM,5515.16,Finanzamt,,,,,00_INBOX - Входящи - Eingang/Accounting_Organized/03_Employee_Payslips/Entgeltbescheinigungen 07-2024.pdf,,"Gesamtbetrag pro Monat 1.248,39",Gesamtbetrag,tax_labeled_amounts,HIGH,NO,Tax amount excluded because creditor/tax type/source category does not strictly identify a tax obligation/payment/unpaid balance.
FE-000075,2024-08,Tax,UNKNOWN_AMOUNT_DO_NOT_SUM,2496.77,Finanzamt,,,,,00_INBOX - Входящи - Eingang/Accounting_Organized/03_Employee_Payslips/Entgeltbescheinigungen 08-2024.pdf,,"Gesamtbetrag pro Monat 2.496,77",Gesamtbetrag,tax_labeled_amounts,HIGH,NO,Tax amount excluded because creditor/tax type/source category does not strictly identify a tax obligation/payment/unpaid balance.
FE-000076,2024-08,Tax,UNKNOWN_AMOUNT_DO_NOT_SUM,7002.40,Finanzamt,,,,,00_INBOX - Входящи - Eingang/Accounting_Organized/03_Employee_Payslips/Entgeltbescheinigungen 08-2024.pdf,,"Gesamtbetrag pro Monat 2.496,77",Gesamtbetrag,tax_labeled_amounts,HIGH,NO,Tax amount excluded because creditor/tax type/source category does not strictly identify a tax obligation/payment/unpaid balance.
FE-000077,2024-10,Tax,UNKNOWN_AMOUNT_DO_NOT_SUM,1241.94,Finanzamt,,,,,00_INBOX - Входящи - Eingang/Accounting_Organized/03_Employee_Payslips/Entgeltbescheinigungen 10-2024.pdf,,"Gesamtbetrag pro Monat 1.241,94",Gesamtbetrag,tax_labeled_amounts,HIGH,NO,Tax amount excluded because creditor/tax type/source category does not strictly identify a tax obligation/payment/unpaid balance.
FE-000078,2024-10,Tax,UNKNOWN_AMOUNT_DO_NOT_SUM,6364.90,Finanzamt,,,,,00_INBOX - Входящи - Eingang/Accounting_Organized/03_Employee_Payslips/Entgeltbescheinigungen 10-2024.pdf,,"Gesamtbetrag pro Monat 1.241,94",Gesamtbetrag,tax_labeled_amounts,HIGH,NO,Tax amount excluded because creditor/tax type/source category does not strictly identify a tax obligation/payment/unpaid balance.
FE-000079,2024-11,Tax,UNKNOWN_AMOUNT_DO_NOT_SUM,183.33,Finanzamt,,,,,00_INBOX - Входящи - Eingang/Accounting_Organized/03_Employee_Payslips/Entgeltbescheinigungen 11-2024.pdf,,"Gesamtbetrag pro Monat 183,33",Gesamtbetrag,tax_labeled_amounts,HIGH,NO,Tax amount excluded because creditor/tax type/source category does not strictly identify a tax obligation/payment/unpaid balance.
FE-000080,2024-11,Tax,UNKNOWN_AMOUNT_DO_NOT_SUM,7150.71,Finanzamt,,,,,00_INBOX - Входящи - Eingang/Accounting_Organized/03_Employee_Payslips/Entgeltbescheinigungen 11-2024.pdf,,"Gesamtbetrag pro Monat 183,33",Gesamtbetrag,tax_labeled_amounts,HIGH,NO,Tax amount excluded because creditor/tax type/source category does not strictly identify a tax obligation/payment/unpaid balance.
FE-000081,2025-06,Tax,UNKNOWN_AMOUNT_DO_NOT_SUM,23263.84,Finanzamt,,,,,00_INBOX - Входящи - Eingang/Accounting_Organized/04_Health_Insurance/Tabelle nach § 175 InsO mit Grund des Bestreitens.pdf,,"FORDERUNG 23.263,84",Forderung,tax_labeled_amounts,HIGH,NO,Tax amount excluded because creditor/tax type/source category does not strictly identify a tax obligation/payment/unpaid balance.
FE-000082,2025-06,Tax,UNKNOWN_AMOUNT_DO_NOT_SUM,5.20,Finanzamt,,,,,00_INBOX - Входящи - Eingang/Accounting_Organized/04_Health_Insurance/Tabelle nach § 175 InsO mit Grund des Bestreitens.pdf,,"FORDERUNG 23.263,84",Forderung,tax_labeled_amounts,HIGH,NO,Tax amount excluded because creditor/tax type/source category does not strictly identify a tax obligation/payment/unpaid balance.
FE-000083,2024-02,Tax,TAX_PAID,18516.48,Finanzamt,,,,,00_INBOX - Входящи - Eingang/Accounting_Organized/05_Taxes/41467 - Accountings 02-2024.pdf,,"zahlung / Überschuss 18.516,48",Zahlung,tax_labeled_amounts,HIGH,YES,
FE-000084,2024-01,Tax,TAX_PAID,20797.47,Finanzamt,,,,,00_INBOX - Входящи - Eingang/Accounting_Organized/05_Taxes/Accountings 01-2024.pdf,,"zahlung / Überschuss 20.797,47",Zahlung,tax_labeled_amounts,HIGH,YES,
FE-000085,2025-01,Tax,TAX_PAID,24159.32,Finanzamt,,,,,00_INBOX - Входящи - Eingang/Accounting_Organized/05_Taxes/Accountings 01-2025.pdf,,"zahlung / Überschuss 24.159,32",Zahlung,tax_labeled_amounts,HIGH,YES,
FE-000086,2025-02,Tax,TAX_PAID,22523.36,Finanzamt,,,,,00_INBOX - Входящи - Eingang/Accounting_Organized/05_Taxes/Accountings 02-2025.pdf,,"zahlung / Überschuss 22.523,36",Zahlung,tax_labeled_amounts,HIGH,YES,
FE-000087,2024-04,Tax,TAX_PAID,22853.99,Finanzamt,,,,,00_INBOX - Входящи - Eingang/Accounting_Organized/05_Taxes/Accountings 04-2024.pdf,,"zahlung / Überschuss 22.853,99",Zahlung,tax_labeled_amounts,HIGH,YES,
FE-000088,2024-05,Tax,TAX_PAID,24018.01,Finanzamt,,,,,00_INBOX - Входящи - Eingang/Accounting_Organized/05_Taxes/Accountings 05-2024.pdf,,"zahlung / Überschuss 24.018,01",Zahlung,tax_labeled_amounts,HIGH,YES,
FE-000089,2024-06,Tax,TAX_PAID,23553.36,Finanzamt,,,,,00_INBOX - Входящи - Eingang/Accounting_Organized/05_Taxes/Accountings 06-2024.pdf,,"zahlung / Überschuss 23.553,36",Zahlung,tax_labeled_amounts,HIGH,YES,
FE-000090,2024-07,Tax,TAX_PAID,23067.09,Finanzamt,,,,,00_INBOX - Входящи - Eingang/Accounting_Organized/05_Taxes/Accountings 07-2024.pdf,,"zahlung / Überschuss 23.067,09",Zahlung,tax_labeled_amounts,HIGH,YES,
FE-000091,2024-09,Tax,TAX_PAID,22536.76,Finanzamt,,,,,00_INBOX - Входящи - Eingang/Accounting_Organized/05_Taxes/Accountings 09-2024.pdf,,"zahlung / Überschuss 22.536,76",Zahlung,tax_labeled_amounts,HIGH,YES,
FE-000092,2024-10,Tax,TAX_PAID,24226.58,Finanzamt,,,,,00_INBOX - Входящи - Eingang/Accounting_Organized/05_Taxes/Accountings 10-2024.pdf,,"zahlung / Überschuss 24.226,58",Zahlung,tax_labeled_amounts,HIGH,YES,
FE-000093,2024-11,Tax,TAX_PAID,27948.98,Finanzamt,,,,,00_INBOX - Входящи - Eingang/Accounting_Organized/05_Taxes/Accountings 11-2024.pdf,,"zahlung / Überschuss 27.948,98",Zahlung,tax_labeled_amounts,HIGH,YES,
FE-000094,2024-12,Tax,TAX_PAID,23984.73,Finanzamt,,,,,00_INBOX - Входящи - Eingang/Accounting_Organized/05_Taxes/Accountings 12-2024.pdf,,"zahlung / Überschuss 23.984,73",Zahlung,tax_labeled_amounts,HIGH,YES,
FE-000095,2024-05,Tax,UNKNOWN_AMOUNT_DO_NOT_SUM,-13222.10,Finanzamt,,,,,00_INBOX - Входящи - Eingang/Accounting_Organized/06_Bank_Payments/10. Nachweis von Lohnzahlungen - Bankkontoumsätze 2024.pdf,,"zahlung 2023 Rainer Neumeier - Garagenvermietung; BIC: HYVEDEMM497; IBAN: DE43 8702 0086 5070 1730 79 -13.222,10",Zahlung,tax_labeled_amounts,HIGH,NO,Tax amount excluded because creditor/tax type/source category does not strictly identify a tax obligation/payment/unpaid balance.
FE-000096,2024-05,Tax,UNKNOWN_AMOUNT_DO_NOT_SUM,54426.97,Hauptzollamt,,,,,"00_INBOX - Входящи - Eingang/Accounting_Organized/06_Bank_Payments/Abstimmliste (DE - SEPA, Langform) (1)__copy2.pdf",,"Zahlungsvorgänge: 28 54.426,97",Zahlung,tax_labeled_amounts,HIGH,NO,Tax amount excluded because creditor/tax type/source category does not strictly identify a tax obligation/payment/unpaid balance.
FE-000097,2024-08,Tax,UNKNOWN_AMOUNT_DO_NOT_SUM,52656.37,Hauptzollamt,,,,,"00_INBOX - Входящи - Eingang/Accounting_Organized/06_Bank_Payments/Abstimmliste (DE - SEPA, Langform) (1)__copy4.pdf",,"Zahlungsvorgänge: 31 52.656,37",Zahlung,tax_labeled_amounts,HIGH,NO,Tax amount excluded because creditor/tax type/source category does not strictly identify a tax obligation/payment/unpaid balance.
FE-000098,2024-12,Tax,UNKNOWN_AMOUNT_DO_NOT_SUM,1250.78,Hauptzollamt,,,,,"00_INBOX - Входящи - Eingang/Accounting_Organized/06_Bank_Payments/Abstimmliste (DE - SEPA, Langform) (2) (1).pdf",,"Zahlungsvorgänge: 1 250,78",Zahlung,tax_labeled_amounts,HIGH,NO,Tax amount excluded because creditor/tax type/source category does not strictly identify a tax obligation/payment/unpaid balance.
FE-000099,2024-11,Tax,UNKNOWN_AMOUNT_DO_NOT_SUM,1222.78,Hauptzollamt,,,,,"00_INBOX - Входящи - Eingang/Accounting_Organized/06_Bank_Payments/Abstimmliste (DE - SEPA, Langform) (2)__copy2.pdf",,"Zahlungsvorgänge: 1 222,78",Zahlung,tax_labeled_amounts,HIGH,NO,Tax amount excluded because creditor/tax type/source category does not strictly identify a tax obligation/payment/unpaid balance.
FE-000100,2024-01,Tax,TAX_PAID,56666.80,Stadt Chemnitz,,,,,"00_INBOX - Входящи - Eingang/Accounting_Organized/06_Bank_Payments/Abstimmliste (DE - SEPA, Langform) (2)__copy3.pdf",,"Zahlungsvorgänge: 32 56.666,80",Zahlung,tax_labeled_amounts,HIGH,YES,
FE-000101,2024-02,Tax,UNKNOWN_AMOUNT_DO_NOT_SUM,57567.96,Hauptzollamt,,,,,"00_INBOX - Входящи - Eingang/Accounting_Organized/06_Bank_Payments/Abstimmliste (DE - SEPA, Langform) (3).pdf",,"Zahlungsvorgänge: 31 57.567,96",Zahlung,tax_labeled_amounts,HIGH,NO,Tax amount excluded because creditor/tax type/source category does not strictly identify a tax obligation/payment/unpaid balance.
FE-000102,2024-03,Tax,UNKNOWN_AMOUNT_DO_NOT_SUM,53690.09,Hauptzollamt,,,,,"00_INBOX - Входящи - Eingang/Accounting_Organized/06_Bank_Payments/Abstimmliste (DE - SEPA, Langform) (4).pdf",,"Zahlungsvorgänge: 29 53.690,09",Zahlung,tax_labeled_amounts,HIGH,NO,Tax amount excluded because creditor/tax type/source category does not strictly identify a tax obligation/payment/unpaid balance.
FE-000103,2024-06,Tax,UNKNOWN_AMOUNT_DO_NOT_SUM,54751.98,Hauptzollamt,,,,,"00_INBOX - Входящи - Eingang/Accounting_Organized/06_Bank_Payments/Abstimmliste (DE - SEPA, Langform).pdf",,"Zahlungsvorgänge: 29 54.751,98",Zahlung,tax_labeled_amounts,HIGH,NO,Tax amount excluded because creditor/tax type/source category does not strictly identify a tax obligation/payment/unpaid balance.
FE-000104,2024-04,Tax,UNKNOWN_AMOUNT_DO_NOT_SUM,51557.87,Hauptzollamt,,,,,"00_INBOX - Входящи - Eingang/Accounting_Organized/06_Bank_Payments/Abstimmliste (DE - SEPA, Langform)__copy2.pdf",,"Zahlungsvorgänge: 29 51.557,87",Zahlung,tax_labeled_amounts,HIGH,NO,Tax amount excluded because creditor/tax type/source category does not strictly identify a tax obligation/payment/unpaid balance.
FE-000105,2024-07,Tax,UNKNOWN_AMOUNT_DO_NOT_SUM,47793.00,Hauptzollamt,,,,,"00_INBOX - Входящи - Eingang/Accounting_Organized/06_Bank_Payments/Abstimmliste (DE - SEPA, Langform)__copy4.pdf",,"Zahlungsvorgänge: 27 47.793,00",Zahlung,tax_labeled_amounts,HIGH,NO,Tax amount excluded because creditor/tax type/source category does not strictly identify a tax obligation/payment/unpaid balance.
FE-000106,2024-10,Tax,UNKNOWN_AMOUNT_DO_NOT_SUM,1568.99,Hauptzollamt,,,,,00_INBOX - Входящи - Eingang/Accounting_Organized/06_Bank_Payments/SEPA - Pfändungen.pdf,,"Zahlungsvorgänge: 2 1.568,99",Zahlung,tax_labeled_amounts,HIGH,NO,Tax amount excluded because creditor/tax type/source category does not strictly identify a tax obligation/payment/unpaid balance.
FE-000107,2025-02,Tax,UNKNOWN_AMOUNT_DO_NOT_SUM,4654.34,Finanzamt,,,,,00_INBOX - Входящи - Eingang/Accounting_Organized/06_Bank_Payments/SEPA List seizures.pdf,,"Zahlungsvorgänge: 4 654,34",Zahlung,tax_labeled_amounts,HIGH,NO,Tax amount excluded because creditor/tax type/source category does not strictly identify a tax obligation/payment/unpaid balance.
FE-000108,2025-03,Tax,UNKNOWN_AMOUNT_DO_NOT_SUM,4809.45,Finanzamt,,,,,00_INBOX - Входящи - Eingang/Accounting_Organized/06_Bank_Payments/SEPA List seizures__copy2.pdf,,"Zahlungsvorgänge: 4 809,45",Zahlung,tax_labeled_amounts,HIGH,NO,Tax amount excluded because creditor/tax type/source category does not strictly identify a tax obligation/payment/unpaid balance.
FE-000109,2025-06,Tax,UNKNOWN_AMOUNT_DO_NOT_SUM,2352.89,Hauptzollamt,,,,,00_INBOX - Входящи - Eingang/Accounting_Organized/06_Bank_Payments/SEPA-List seizure.pdf,,"Zahlungsvorgänge: 2 352,89",Zahlung,tax_labeled_amounts,HIGH,NO,Tax amount excluded because creditor/tax type/source category does not strictly identify a tax obligation/payment/unpaid balance.
FE-000110,2025-04,Tax,UNKNOWN_AMOUNT_DO_NOT_SUM,3752.34,Finanzamt,,,,,00_INBOX - Входящи - Eingang/Accounting_Organized/06_Bank_Payments/SEPA-List Seizures.pdf,,"Zahlungsvorgänge: 3 752,34",Zahlung,tax_labeled_amounts,HIGH,NO,Tax amount excluded because creditor/tax type/source category does not strictly identify a tax obligation/payment/unpaid balance.
FE-000111,2025-05,Tax,UNKNOWN_AMOUNT_DO_NOT_SUM,2312.56,Finanzamt,,,,,00_INBOX - Входящи - Eingang/Accounting_Organized/06_Bank_Payments/SEPA-List seizures__copy2.pdf,,"Zahlungsvorgänge: 2 312,56",Zahlung,tax_labeled_amounts,HIGH,NO,Tax amount excluded because creditor/tax type/source category does not strictly identify a tax obligation/payment/unpaid balance.
FE-000112,2024-02,Tax,UNKNOWN_AMOUNT_DO_NOT_SUM,10499.90,,,,,,"00_INBOX - Входящи - Eingang/Accounting_Organized/08_Operating_Costs/40579 - Rechnung 240155_2024 vom 17.02.2024, Aufträge 31_23, 33_23, 34_23, Mandant 42303.pdf",,"steuerbetrag - Summe Vorschuss Bruttobetrag Marco Brunettin 10.499,90 EUR",Steuerbetrag,tax_labeled_amounts,HIGH,NO,Tax amount excluded because creditor/tax type/source category does not strictly identify a tax obligation/payment/unpaid balance.
FE-000113,2024-02,Tax,UNKNOWN_AMOUNT_DO_NOT_SUM,820.20,,,,,,"00_INBOX - Входящи - Eingang/Accounting_Organized/08_Operating_Costs/40579 - Rechnung 240155_2024 vom 17.02.2024, Aufträge 31_23, 33_23, 34_23, Mandant 42303.pdf",,"steuerbetrag - Summe Vorschuss Bruttobetrag Marco Brunettin 10.499,90 EUR",Steuerbetrag,tax_labeled_amounts,HIGH,NO,Tax amount excluded because creditor/tax type/source category does not strictly identify a tax obligation/payment/unpaid balance.
FE-000114,2024-02,Tax,UNKNOWN_AMOUNT_DO_NOT_SUM,20.00,,,,,,"00_INBOX - Входящи - Eingang/Accounting_Organized/08_Operating_Costs/40579 - Rechnung 240155_2024 vom 17.02.2024, Aufträge 31_23, 33_23, 34_23, Mandant 42303.pdf",,"steuerbetrag - Summe Vorschuss Bruttobetrag Marco Brunettin 10.499,90 EUR",Steuerbetrag,tax_labeled_amounts,HIGH,NO,Tax amount excluded because creditor/tax type/source category does not strictly identify a tax obligation/payment/unpaid balance.
FE-000115,2024-01,Tax,UNKNOWN_AMOUNT_DO_NOT_SUM,19.00,,,,,,"00_INBOX - Входящи - Eingang/Accounting_Organized/08_Operating_Costs/40850 - Rechnung 240213_2024 vom 29.01.2024, Aufträge 31_24, 32_23, 33_23, 33_24, 34_24, 98_24, Mandant 42303.pdf",,"steuerbetrag 19,00",Steuerbetrag,tax_labeled_amounts,HIGH,NO,Tax amount excluded because creditor/tax type/source category does not strictly identify a tax obligation/payment/unpaid balance.
FE-000116,2024-01,Tax,UNKNOWN_AMOUNT_DO_NOT_SUM,75.00,,,,,,"00_INBOX - Входящи - Eingang/Accounting_Organized/08_Operating_Costs/40850 - Rechnung 240213_2024 vom 29.01.2024, Aufträge 31_24, 32_23, 33_23, 33_24, 34_24, 98_24, Mandant 42303.pdf",,"steuerbetrag 19,00",Steuerbetrag,tax_labeled_amounts,HIGH,NO,Tax amount excluded because creditor/tax type/source category does not strictly identify a tax obligation/payment/unpaid balance.
FE-000117,2024-01,Tax,UNKNOWN_AMOUNT_DO_NOT_SUM,20.00,,,,,,"00_INBOX - Входящи - Eingang/Accounting_Organized/08_Operating_Costs/40850 - Rechnung 240213_2024 vom 29.01.2024, Aufträge 31_24, 32_23, 33_23, 33_24, 34_24, 98_24, Mandant 42303.pdf",,"steuerbetrag 19,00",Steuerbetrag,tax_labeled_amounts,HIGH,NO,Tax amount excluded because creditor/tax type/source category does not strictly identify a tax obligation/payment/unpaid balance.
FE-000118,2024-03,Tax,UNKNOWN_AMOUNT_DO_NOT_SUM,19.00,,,,,,"00_INBOX - Входящи - Eingang/Accounting_Organized/08_Operating_Costs/41261 - Rechnung 240303_2024 vom 27.03.2024, Aufträge 31_24, 33_24, 34_24, Mandant 42303.pdf",,"steuerbetrag 19,00",Steuerbetrag,tax_labeled_amounts,HIGH,NO,Tax amount excluded because creditor/tax type/source category does not strictly identify a tax obligation/payment/unpaid balance.
FE-000119,2024-03,Tax,UNKNOWN_AMOUNT_DO_NOT_SUM,90.00,,,,,,"00_INBOX - Входящи - Eingang/Accounting_Organized/08_Operating_Costs/41261 - Rechnung 240303_2024 vom 27.03.2024, Aufträge 31_24, 33_24, 34_24, Mandant 42303.pdf",,"steuerbetrag 19,00",Steuerbetrag,tax_labeled_amounts,HIGH,NO,Tax amount excluded because creditor/tax type/source category does not strictly identify a tax obligation/payment/unpaid balance.
FE-000120,2024-03,Tax,UNKNOWN_AMOUNT_DO_NOT_SUM,20.00,,,,,,"00_INBOX - Входящи - Eingang/Accounting_Organized/08_Operating_Costs/41261 - Rechnung 240303_2024 vom 27.03.2024, Aufträge 31_24, 33_24, 34_24, Mandant 42303.pdf",,"steuerbetrag 19,00",Steuerbetrag,tax_labeled_amounts,HIGH,NO,Tax amount excluded because creditor/tax type/source category does not strictly identify a tax obligation/payment/unpaid balance.
FE-000121,2024-04,Tax,UNKNOWN_AMOUNT_DO_NOT_SUM,19.00,,,,,,"00_INBOX - Входящи - Eingang/Accounting_Organized/08_Operating_Costs/41683 - Rechnung 240393_2024 vom 30.04.2024, Aufträge 31_24, 32_24, 33_24, 34_24, 98_24, Mandant 42303.pdf",,"steuerbetrag 19,00",Steuerbetrag,tax_labeled_amounts,HIGH,NO,Tax amount excluded because creditor/tax type/source category does not strictly identify a tax obligation/payment/unpaid balance.
FE-000122,2024-04,Tax,UNKNOWN_AMOUNT_DO_NOT_SUM,105.00,,,,,,"00_INBOX - Входящи - Eingang/Accounting_Organized/08_Operating_Costs/41683 - Rechnung 240393_2024 vom 30.04.2024, Aufträge 31_24, 32_24, 33_24, 34_24, 98_24, Mandant 42303.pdf",,"steuerbetrag 19,00",Steuerbetrag,tax_labeled_amounts,HIGH,NO,Tax amount excluded because creditor/tax type/source category does not strictly identify a tax obligation/payment/unpaid balance.
FE-000123,2024-04,Tax,UNKNOWN_AMOUNT_DO_NOT_SUM,20.00,,,,,,"00_INBOX - Входящи - Eingang/Accounting_Organized/08_Operating_Costs/41683 - Rechnung 240393_2024 vom 30.04.2024, Aufträge 31_24, 32_24, 33_24, 34_24, 98_24, Mandant 42303.pdf",,"steuerbetrag 19,00",Steuerbetrag,tax_labeled_amounts,HIGH,NO,Tax amount excluded because creditor/tax type/source category does not strictly identify a tax obligation/payment/unpaid balance.
FE-000124,2024-05,Tax,UNKNOWN_AMOUNT_DO_NOT_SUM,19.00,,,,,,"00_INBOX - Входящи - Eingang/Accounting_Organized/08_Operating_Costs/42108 - Rechnung 240498_2024 vom 30.05.2024, Aufträge 21_24, 31_24, 32_24, 33_24, 34_24, Mandant 42303.pdf",,"steuerbetrag 19,00",Steuerbetrag,tax_labeled_amounts,HIGH,NO,Tax amount excluded because creditor/tax type/source category does not strictly identify a tax obligation/payment/unpaid balance.
FE-000125,2024-05,Tax,UNKNOWN_AMOUNT_DO_NOT_SUM,30.00,,,,,,"00_INBOX - Входящи - Eingang/Accounting_Organized/08_Operating_Costs/42108 - Rechnung 240498_2024 vom 30.05.2024, Aufträge 21_24, 31_24, 32_24, 33_24, 34_24, Mandant 42303.pdf",,"steuerbetrag 19,00",Steuerbetrag,tax_labeled_amounts,HIGH,NO,Tax amount excluded because creditor/tax type/source category does not strictly identify a tax obligation/payment/unpaid balance.
FE-000126,2024-05,Tax,UNKNOWN_AMOUNT_DO_NOT_SUM,20.00,,,,,,"00_INBOX - Входящи - Eingang/Accounting_Organized/08_Operating_Costs/42108 - Rechnung 240498_2024 vom 30.05.2024, Aufträge 21_24, 31_24, 32_24, 33_24, 34_24, Mandant 42303.pdf",,"steuerbetrag 19,00",Steuerbetrag,tax_labeled_amounts,HIGH,NO,Tax amount excluded because creditor/tax type/source category does not strictly identify a tax obligation/payment/unpaid balance.
FE-000127,2024-06,Tax,UNKNOWN_AMOUNT_DO_NOT_SUM,19.00,,,,,,"00_INBOX - Входящи - Eingang/Accounting_Organized/08_Operating_Costs/42585 - Rechnung 240587_2024 vom 29.06.2024, Aufträge 31_24, 33_23, 33_24, 34_24, Mandant 42303-1.pdf",,"steuerbetrag 19,00",Steuerbetrag,tax_labeled_amounts,HIGH,NO,Tax amount excluded because creditor/tax type/source category does not strictly identify a tax obligation/payment/unpaid balance.
FE-000128,2024-06,Tax,UNKNOWN_AMOUNT_DO_NOT_SUM,30.00,,,,,,"00_INBOX - Входящи - Eingang/Accounting_Organized/08_Operating_Costs/42585 - Rechnung 240587_2024 vom 29.06.2024, Aufträge 31_24, 33_23, 33_24, 34_24, Mandant 42303-1.pdf",,"steuerbetrag 19,00",Steuerbetrag,tax_labeled_amounts,HIGH,NO,Tax amount excluded because creditor/tax type/source category does not strictly identify a tax obligation/payment/unpaid balance.
FE-000129,2024-06,Tax,UNKNOWN_AMOUNT_DO_NOT_SUM,20.00,,,,,,"00_INBOX - Входящи - Eingang/Accounting_Organized/08_Operating_Costs/42585 - Rechnung 240587_2024 vom 29.06.2024, Aufträge 31_24, 33_23, 33_24, 34_24, Mandant 42303-1.pdf",,"steuerbetrag 19,00",Steuerbetrag,tax_labeled_amounts,HIGH,NO,Tax amount excluded because creditor/tax type/source category does not strictly identify a tax obligation/payment/unpaid balance.
FE-000130,2024-07,Tax,UNKNOWN_AMOUNT_DO_NOT_SUM,19.00,,,,,,"00_INBOX - Входящи - Eingang/Accounting_Organized/08_Operating_Costs/43029 - Rechnung 240697_2024 vom 31.07.2024, Aufträge 21_23, 21_24, 31_22, 31_23, 31_24, 33_24, 34_24, Mandant 42303.pdf",,"steuerbetrag 19,00",Steuerbetrag,tax_labeled_amounts,HIGH,NO,Tax amount excluded because creditor/tax type/source category does not strictly identify a tax obligation/payment/unpaid balance.
FE-000131,2024-07,Tax,UNKNOWN_AMOUNT_DO_NOT_SUM,45.00,,,,,,"00_INBOX - Входящи - Eingang/Accounting_Organized/08_Operating_Costs/43029 - Rechnung 240697_2024 vom 31.07.2024, Aufträge 21_23, 21_24, 31_22, 31_23, 31_24, 33_24, 34_24, Mandant 42303.pdf",,"steuerbetrag 19,00",Steuerbetrag,tax_labeled_amounts,HIGH,NO,Tax amount excluded because creditor/tax type/source category does not strictly identify a tax obligation/payment/unpaid balance.
FE-000132,2024-07,Tax,UNKNOWN_AMOUNT_DO_NOT_SUM,20.00,,,,,,"00_INBOX - Входящи - Eingang/Accounting_Organized/08_Operating_Costs/43029 - Rechnung 240697_2024 vom 31.07.2024, Aufträge 21_23, 21_24, 31_22, 31_23, 31_24, 33_24, 34_24, Mandant 42303.pdf",,"steuerbetrag 19,00",Steuerbetrag,tax_labeled_amounts,HIGH,NO,Tax amount excluded because creditor/tax type/source category does not strictly identify a tax obligation/payment/unpaid balance.
FE-000133,2024-08,Tax,UNKNOWN_AMOUNT_DO_NOT_SUM,19.00,,,,,,"00_INBOX - Входящи - Eingang/Accounting_Organized/08_Operating_Costs/43617 - Rechnung 240857_2024 vom 30.08.2024, Aufträge 31_24, 32_24, 33_24, 34_24, Mandant 42303.pdf",,"steuerbetrag 19,00",Steuerbetrag,tax_labeled_amounts,HIGH,NO,Tax amount excluded because creditor/tax type/source category does not strictly identify a tax obligation/payment/unpaid balance.
FE-000134,2024-08,Tax,UNKNOWN_AMOUNT_DO_NOT_SUM,45.00,,,,,,"00_INBOX - Входящи - Eingang/Accounting_Organized/08_Operating_Costs/43617 - Rechnung 240857_2024 vom 30.08.2024, Aufträge 31_24, 32_24, 33_24, 34_24, Mandant 42303.pdf",,"steuerbetrag 19,00",Steuerbetrag,tax_labeled_amounts,HIGH,NO,Tax amount excluded because creditor/tax type/source category does not strictly identify a tax obligation/payment/unpaid balance.
FE-000135,2024-08,Tax,UNKNOWN_AMOUNT_DO_NOT_SUM,20.00,,,,,,"00_INBOX - Входящи - Eingang/Accounting_Organized/08_Operating_Costs/43617 - Rechnung 240857_2024 vom 30.08.2024, Aufträge 31_24, 32_24, 33_24, 34_24, Mandant 42303.pdf",,"steuerbetrag 19,00",Steuerbetrag,tax_labeled_amounts,HIGH,NO,Tax amount excluded because creditor/tax type/source category does not strictly identify a tax obligation/payment/unpaid balance.
FE-000136,2024-10,Tax,UNKNOWN_AMOUNT_DO_NOT_SUM,19.00,,,,,,"00_INBOX - Входящи - Eingang/Accounting_Organized/08_Operating_Costs/44458 - Rechnung 241068_2024 vom 30.10.2024, Aufträge 31_24, 33_24, 34_24, Mandant 42303.pdf",,"steuerbetrag 19,00",Steuerbetrag,tax_labeled_amounts,HIGH,NO,Tax amount excluded because creditor/tax type/source category does not strictly identify a tax obligation/payment/unpaid balance.
FE-000137,2024-10,Tax,UNKNOWN_AMOUNT_DO_NOT_SUM,75.00,,,,,,"00_INBOX - Входящи - Eingang/Accounting_Organized/08_Operating_Costs/44458 - Rechnung 241068_2024 vom 30.10.2024, Aufträge 31_24, 33_24, 34_24, Mandant 42303.pdf",,"steuerbetrag 19,00",Steuerbetrag,tax_labeled_amounts,HIGH,NO,Tax amount excluded because creditor/tax type/source category does not strictly identify a tax obligation/payment/unpaid balance.
FE-000138,2024-10,Tax,UNKNOWN_AMOUNT_DO_NOT_SUM,20.00,,,,,,"00_INBOX - Входящи - Eingang/Accounting_Organized/08_Operating_Costs/44458 - Rechnung 241068_2024 vom 30.10.2024, Aufträge 31_24, 33_24, 34_24, Mandant 42303.pdf",,"steuerbetrag 19,00",Steuerbetrag,tax_labeled_amounts,HIGH,NO,Tax amount excluded because creditor/tax type/source category does not strictly identify a tax obligation/payment/unpaid balance.
FE-000139,2024-11,Tax,UNKNOWN_AMOUNT_DO_NOT_SUM,19.00,,,,,,"00_INBOX - Входящи - Eingang/Accounting_Organized/08_Operating_Costs/45027 - Rechnung 241185_2024 vom 29.11.2024, Aufträge 31_24, 33_24, 34_24, Mandant 42303.pdf",,"steuerbetrag 19,00",Steuerbetrag,tax_labeled_amounts,HIGH,NO,Tax amount excluded because creditor/tax type/source category does not strictly identify a tax obligation/payment/unpaid balance.
FE-000140,2024-11,Tax,UNKNOWN_AMOUNT_DO_NOT_SUM,75.00,,,,,,"00_INBOX - Входящи - Eingang/Accounting_Organized/08_Operating_Costs/45027 - Rechnung 241185_2024 vom 29.11.2024, Aufträge 31_24, 33_24, 34_24, Mandant 42303.pdf",,"steuerbetrag 19,00",Steuerbetrag,tax_labeled_amounts,HIGH,NO,Tax amount excluded because creditor/tax type/source category does not strictly identify a tax obligation/payment/unpaid balance.
FE-000141,2024-11,Tax,UNKNOWN_AMOUNT_DO_NOT_SUM,20.00,,,,,,"00_INBOX - Входящи - Eingang/Accounting_Organized/08_Operating_Costs/45027 - Rechnung 241185_2024 vom 29.11.2024, Aufträge 31_24, 33_24, 34_24, Mandant 42303.pdf",,"steuerbetrag 19,00",Steuerbetrag,tax_labeled_amounts,HIGH,NO,Tax amount excluded because creditor/tax type/source category does not strictly identify a tax obligation/payment/unpaid balance.
FE-000142,2024-12,Tax,UNKNOWN_AMOUNT_DO_NOT_SUM,19.00,,,,,,"00_INBOX - Входящи - Eingang/Accounting_Organized/08_Operating_Costs/45474 - Rechnung 241289_2024 vom 27.12.2024, Aufträge 21_24, 31_24, 32_24, 33_24, 34_24, 35_21, 35_24, 50_24, 98_24, Mandant 42303.pdf",,"steuerbetrag 19,00",Steuerbetrag,tax_labeled_amounts,HIGH,NO,Tax amount excluded because creditor/tax type/source category does not strictly identify a tax obligation/payment/unpaid balance.
FE-000143,2024-12,Tax,UNKNOWN_AMOUNT_DO_NOT_SUM,45.00,,,,,,"00_INBOX - Входящи - Eingang/Accounting_Organized/08_Operating_Costs/45474 - Rechnung 241289_2024 vom 27.12.2024, Aufträge 21_24, 31_24, 32_24, 33_24, 34_24, 35_21, 35_24, 50_24, 98_24, Mandant 42303.pdf",,"steuerbetrag 19,00",Steuerbetrag,tax_labeled_amounts,HIGH,NO,Tax amount excluded because creditor/tax type/source category does not strictly identify a tax obligation/payment/unpaid balance.
FE-000144,2024-12,Tax,UNKNOWN_AMOUNT_DO_NOT_SUM,20.00,,,,,,"00_INBOX - Входящи - Eingang/Accounting_Organized/08_Operating_Costs/45474 - Rechnung 241289_2024 vom 27.12.2024, Aufträge 21_24, 31_24, 32_24, 33_24, 34_24, 35_21, 35_24, 50_24, 98_24, Mandant 42303.pdf",,"steuerbetrag 19,00",Steuerbetrag,tax_labeled_amounts,HIGH,NO,Tax amount excluded because creditor/tax type/source category does not strictly identify a tax obligation/payment/unpaid balance.
FE-000145,2025-03,Tax,UNKNOWN_AMOUNT_DO_NOT_SUM,11062.00,,,,,,"00_INBOX - Входящи - Eingang/Accounting_Organized/08_Operating_Costs/46583 - Rechnung 250253_2025 vom 14.03.2025, Aufträge 31_25, 33_24, 34_24, 34_25, Mandant 42303.pdf",,"steuerbetrag - Summe Vorschuss Bruttobetrag Marco Brunettin 11.062,00 EUR",Steuerbetrag,tax_labeled_amounts,HIGH,NO,Tax amount excluded because creditor/tax type/source category does not strictly identify a tax obligation/payment/unpaid balance.
FE-000146,2025-03,Tax,UNKNOWN_AMOUNT_DO_NOT_SUM,45.00,,,,,,"00_INBOX - Входящи - Eingang/Accounting_Organized/08_Operating_Costs/46583 - Rechnung 250253_2025 vom 14.03.2025, Aufträge 31_25, 33_24, 34_24, 34_25, Mandant 42303.pdf",,"steuerbetrag - Summe Vorschuss Bruttobetrag Marco Brunettin 11.062,00 EUR",Steuerbetrag,tax_labeled_amounts,HIGH,NO,Tax amount excluded because creditor/tax type/source category does not strictly identify a tax obligation/payment/unpaid balance.
FE-000147,2025-03,Tax,UNKNOWN_AMOUNT_DO_NOT_SUM,20.00,,,,,,"00_INBOX - Входящи - Eingang/Accounting_Organized/08_Operating_Costs/46583 - Rechnung 250253_2025 vom 14.03.2025, Aufträge 31_25, 33_24, 34_24, 34_25, Mandant 42303.pdf",,"steuerbetrag - Summe Vorschuss Bruttobetrag Marco Brunettin 11.062,00 EUR",Steuerbetrag,tax_labeled_amounts,HIGH,NO,Tax amount excluded because creditor/tax type/source category does not strictly identify a tax obligation/payment/unpaid balance.
FE-000148,2025-03,Tax,UNKNOWN_AMOUNT_DO_NOT_SUM,19.00,,,,,,"00_INBOX - Входящи - Eingang/Accounting_Organized/08_Operating_Costs/46851 - Rechnung 250303_2025 vom 31.03.2025, Aufträge 31_25, 33_25, 34_25, Mandant 42303.pdf",,"steuerbetrag 19,00",Steuerbetrag,tax_labeled_amounts,HIGH,NO,Tax amount excluded because creditor/tax type/source category does not strictly identify a tax obligation/payment/unpaid balance.
FE-000149,2025-03,Tax,UNKNOWN_AMOUNT_DO_NOT_SUM,1.88,,,,,,"00_INBOX - Входящи - Eingang/Accounting_Organized/08_Operating_Costs/46851 - Rechnung 250303_2025 vom 31.03.2025, Aufträge 31_25, 33_25, 34_25, Mandant 42303.pdf",,"steuerbetrag 19,00",Steuerbetrag,tax_labeled_amounts,HIGH,NO,Tax amount excluded because creditor/tax type/source category does not strictly identify a tax obligation/payment/unpaid balance.
FE-000150,2025-03,Tax,UNKNOWN_AMOUNT_DO_NOT_SUM,20.00,,,,,,"00_INBOX - Входящи - Eingang/Accounting_Organized/08_Operating_Costs/46851 - Rechnung 250303_2025 vom 31.03.2025, Aufträge 31_25, 33_25, 34_25, Mandant 42303.pdf",,"steuerbetrag 19,00",Steuerbetrag,tax_labeled_amounts,HIGH,NO,Tax amount excluded because creditor/tax type/source category does not strictly identify a tax obligation/payment/unpaid balance.
FE-000151,2024-02,Operating Cost,UNKNOWN_AMOUNT_DO_NOT_SUM,20.00,,,,,,"00_INBOX - Входящи - Eingang/Accounting_Organized/08_Operating_Costs/40579 - Rechnung 240155_2024 vom 17.02.2024, Aufträge 31_23, 33_23, 34_23, Mandant 42303.pdf",,"Rechnungsbetrag Bitte überweisen Sie den offenen Rechnungsbetrag unter Angabe der Rechnungsnummer auf das oben genannte Konto. 20,00 EUR",Rechnungsbetrag,operating_category_labeled_amount,HIGH,NO,Operating amount excluded because it is a generic invoice/amount total or lacks explicit due/paid/unpaid meaning.
FE-000152,2024-02,Operating Cost,UNKNOWN_AMOUNT_DO_NOT_SUM,20.00,,,,,,"00_INBOX - Входящи - Eingang/Accounting_Organized/08_Operating_Costs/40579 - Rechnung 240155_2024 vom 17.02.2024, Aufträge 31_23, 33_23, 34_23, Mandant 42303.pdf",,"Rechnungsbetrag Bitte überweisen Sie den offenen Rechnungsbetrag unter Angabe der Rechnungsnummer auf das oben genannte Konto. 20,00 EUR",Rechnungsbetrag,operating_category_labeled_amount,HIGH,NO,Operating amount excluded because it is a generic invoice/amount total or lacks explicit due/paid/unpaid meaning.
FE-000153,2024-01,Operating Cost,UNKNOWN_AMOUNT_DO_NOT_SUM,20.00,,,,,,"00_INBOX - Входящи - Eingang/Accounting_Organized/08_Operating_Costs/40850 - Rechnung 240213_2024 vom 29.01.2024, Aufträge 31_24, 32_23, 33_23, 33_24, 34_24, 98_24, Mandant 42303.pdf",,"Rechnungsbetrag Bitte überweisen Sie den offenen Rechnungsbetrag unter Angabe der Rechnungsnummer auf das oben genannte Konto. 20,00 EUR",Rechnungsbetrag,operating_category_labeled_amount,HIGH,NO,Operating amount excluded because it is a generic invoice/amount total or lacks explicit due/paid/unpaid meaning.
FE-000154,2024-01,Operating Cost,UNKNOWN_AMOUNT_DO_NOT_SUM,20.00,,,,,,"00_INBOX - Входящи - Eingang/Accounting_Organized/08_Operating_Costs/40850 - Rechnung 240213_2024 vom 29.01.2024, Aufträge 31_24, 32_23, 33_23, 33_24, 34_24, 98_24, Mandant 42303.pdf",,"Rechnungsbetrag Bitte überweisen Sie den offenen Rechnungsbetrag unter Angabe der Rechnungsnummer auf das oben genannte Konto. 20,00 EUR",Rechnungsbetrag,operating_category_labeled_amount,HIGH,NO,Operating amount excluded because it is a generic invoice/amount total or lacks explicit due/paid/unpaid meaning.
FE-000155,2024-03,Operating Cost,UNKNOWN_AMOUNT_DO_NOT_SUM,20.00,,,,,,"00_INBOX - Входящи - Eingang/Accounting_Organized/08_Operating_Costs/41261 - Rechnung 240303_2024 vom 27.03.2024, Aufträge 31_24, 33_24, 34_24, Mandant 42303.pdf",,"Rechnungsbetrag Bitte überweisen Sie den offenen Rechnungsbetrag unter Angabe der Rechnungsnummer auf das oben genannte Konto. 20,00 EUR",Rechnungsbetrag,operating_category_labeled_amount,HIGH,NO,Operating amount excluded because it is a generic invoice/amount total or lacks explicit due/paid/unpaid meaning.
FE-000156,2024-03,Operating Cost,UNKNOWN_AMOUNT_DO_NOT_SUM,20.00,,,,,,"00_INBOX - Входящи - Eingang/Accounting_Organized/08_Operating_Costs/41261 - Rechnung 240303_2024 vom 27.03.2024, Aufträge 31_24, 33_24, 34_24, Mandant 42303.pdf",,"Rechnungsbetrag Bitte überweisen Sie den offenen Rechnungsbetrag unter Angabe der Rechnungsnummer auf das oben genannte Konto. 20,00 EUR",Rechnungsbetrag,operating_category_labeled_amount,HIGH,NO,Operating amount excluded because it is a generic invoice/amount total or lacks explicit due/paid/unpaid meaning.
FE-000157,2024-04,Operating Cost,UNKNOWN_AMOUNT_DO_NOT_SUM,20.00,,,,,,"00_INBOX - Входящи - Eingang/Accounting_Organized/08_Operating_Costs/41683 - Rechnung 240393_2024 vom 30.04.2024, Aufträge 31_24, 32_24, 33_24, 34_24, 98_24, Mandant 42303.pdf",,"Rechnungsbetrag Bitte überweisen Sie den offenen Rechnungsbetrag unter Angabe der Rechnungsnummer auf das oben genannte Konto. 20,00 EUR",Rechnungsbetrag,operating_category_labeled_amount,HIGH,NO,Operating amount excluded because it is a generic invoice/amount total or lacks explicit due/paid/unpaid meaning.
FE-000158,2024-04,Operating Cost,UNKNOWN_AMOUNT_DO_NOT_SUM,20.00,,,,,,"00_INBOX - Входящи - Eingang/Accounting_Organized/08_Operating_Costs/41683 - Rechnung 240393_2024 vom 30.04.2024, Aufträge 31_24, 32_24, 33_24, 34_24, 98_24, Mandant 42303.pdf",,"Rechnungsbetrag Bitte überweisen Sie den offenen Rechnungsbetrag unter Angabe der Rechnungsnummer auf das oben genannte Konto. 20,00 EUR",Rechnungsbetrag,operating_category_labeled_amount,HIGH,NO,Operating amount excluded because it is a generic invoice/amount total or lacks explicit due/paid/unpaid meaning.
FE-000159,2024-05,Operating Cost,UNKNOWN_AMOUNT_DO_NOT_SUM,20.00,,,,,,"00_INBOX - Входящи - Eingang/Accounting_Organized/08_Operating_Costs/42108 - Rechnung 240498_2024 vom 30.05.2024, Aufträge 21_24, 31_24, 32_24, 33_24, 34_24, Mandant 42303.pdf",,"Rechnungsbetrag Bitte überweisen Sie den offenen Rechnungsbetrag unter Angabe der Rechnungsnummer auf das oben genannte Konto. 20,00 EUR",Rechnungsbetrag,operating_category_labeled_amount,HIGH,NO,Operating amount excluded because it is a generic invoice/amount total or lacks explicit due/paid/unpaid meaning.
FE-000160,2024-05,Operating Cost,UNKNOWN_AMOUNT_DO_NOT_SUM,20.00,,,,,,"00_INBOX - Входящи - Eingang/Accounting_Organized/08_Operating_Costs/42108 - Rechnung 240498_2024 vom 30.05.2024, Aufträge 21_24, 31_24, 32_24, 33_24, 34_24, Mandant 42303.pdf",,"Rechnungsbetrag Bitte überweisen Sie den offenen Rechnungsbetrag unter Angabe der Rechnungsnummer auf das oben genannte Konto. 20,00 EUR",Rechnungsbetrag,operating_category_labeled_amount,HIGH,NO,Operating amount excluded because it is a generic invoice/amount total or lacks explicit due/paid/unpaid meaning.
FE-000161,2024-06,Operating Cost,UNKNOWN_AMOUNT_DO_NOT_SUM,20.00,,,,,,"00_INBOX - Входящи - Eingang/Accounting_Organized/08_Operating_Costs/42585 - Rechnung 240587_2024 vom 29.06.2024, Aufträge 31_24, 33_23, 33_24, 34_24, Mandant 42303-1.pdf",,"Rechnungsbetrag Bitte überweisen Sie den offenen Rechnungsbetrag unter Angabe der Rechnungsnummer auf das oben genannte Konto. 20,00 EUR",Rechnungsbetrag,operating_category_labeled_amount,HIGH,NO,Operating amount excluded because it is a generic invoice/amount total or lacks explicit due/paid/unpaid meaning.
FE-000162,2024-06,Operating Cost,UNKNOWN_AMOUNT_DO_NOT_SUM,20.00,,,,,,"00_INBOX - Входящи - Eingang/Accounting_Organized/08_Operating_Costs/42585 - Rechnung 240587_2024 vom 29.06.2024, Aufträge 31_24, 33_23, 33_24, 34_24, Mandant 42303-1.pdf",,"Rechnungsbetrag Bitte überweisen Sie den offenen Rechnungsbetrag unter Angabe der Rechnungsnummer auf das oben genannte Konto. 20,00 EUR",Rechnungsbetrag,operating_category_labeled_amount,HIGH,NO,Operating amount excluded because it is a generic invoice/amount total or lacks explicit due/paid/unpaid meaning.
FE-000163,2024-07,Operating Cost,UNKNOWN_AMOUNT_DO_NOT_SUM,20.00,,,,,,"00_INBOX - Входящи - Eingang/Accounting_Organized/08_Operating_Costs/43029 - Rechnung 240697_2024 vom 31.07.2024, Aufträge 21_23, 21_24, 31_22, 31_23, 31_24, 33_24, 34_24, Mandant 42303.pdf",,"Rechnungsbetrag Bitte überweisen Sie den offenen Rechnungsbetrag unter Angabe der Rechnungsnummer auf das oben genannte Konto. 20,00 EUR",Rechnungsbetrag,operating_category_labeled_amount,HIGH,NO,Operating amount excluded because it is a generic invoice/amount total or lacks explicit due/paid/unpaid meaning.
FE-000164,2024-07,Operating Cost,UNKNOWN_AMOUNT_DO_NOT_SUM,20.00,,,,,,"00_INBOX - Входящи - Eingang/Accounting_Organized/08_Operating_Costs/43029 - Rechnung 240697_2024 vom 31.07.2024, Aufträge 21_23, 21_24, 31_22, 31_23, 31_24, 33_24, 34_24, Mandant 42303.pdf",,"Rechnungsbetrag Bitte überweisen Sie den offenen Rechnungsbetrag unter Angabe der Rechnungsnummer auf das oben genannte Konto. 20,00 EUR",Rechnungsbetrag,operating_category_labeled_amount,HIGH,NO,Operating amount excluded because it is a generic invoice/amount total or lacks explicit due/paid/unpaid meaning.
FE-000165,2024-08,Operating Cost,UNKNOWN_AMOUNT_DO_NOT_SUM,20.00,,,,,,"00_INBOX - Входящи - Eingang/Accounting_Organized/08_Operating_Costs/43617 - Rechnung 240857_2024 vom 30.08.2024, Aufträge 31_24, 32_24, 33_24, 34_24, Mandant 42303.pdf",,"Rechnungsbetrag Bitte überweisen Sie den offenen Rechnungsbetrag unter Angabe der Rechnungsnummer auf das oben genannte Konto. 20,00 EUR",Rechnungsbetrag,operating_category_labeled_amount,HIGH,NO,Operating amount excluded because it is a generic invoice/amount total or lacks explicit due/paid/unpaid meaning.
FE-000166,2024-08,Operating Cost,UNKNOWN_AMOUNT_DO_NOT_SUM,20.00,,,,,,"00_INBOX - Входящи - Eingang/Accounting_Organized/08_Operating_Costs/43617 - Rechnung 240857_2024 vom 30.08.2024, Aufträge 31_24, 32_24, 33_24, 34_24, Mandant 42303.pdf",,"Rechnungsbetrag Bitte überweisen Sie den offenen Rechnungsbetrag unter Angabe der Rechnungsnummer auf das oben genannte Konto. 20,00 EUR",Rechnungsbetrag,operating_category_labeled_amount,HIGH,NO,Operating amount excluded because it is a generic invoice/amount total or lacks explicit due/paid/unpaid meaning.
FE-000167,2024-10,Operating Cost,UNKNOWN_AMOUNT_DO_NOT_SUM,20.00,,,,,,"00_INBOX - Входящи - Eingang/Accounting_Organized/08_Operating_Costs/44458 - Rechnung 241068_2024 vom 30.10.2024, Aufträge 31_24, 33_24, 34_24, Mandant 42303.pdf",,"Rechnungsbetrag Bitte überweisen Sie den offenen Rechnungsbetrag unter Angabe der Rechnungsnummer auf das oben genannte Konto. 20,00 EUR",Rechnungsbetrag,operating_category_labeled_amount,HIGH,NO,Operating amount excluded because it is a generic invoice/amount total or lacks explicit due/paid/unpaid meaning.
FE-000168,2024-10,Operating Cost,UNKNOWN_AMOUNT_DO_NOT_SUM,20.00,,,,,,"00_INBOX - Входящи - Eingang/Accounting_Organized/08_Operating_Costs/44458 - Rechnung 241068_2024 vom 30.10.2024, Aufträge 31_24, 33_24, 34_24, Mandant 42303.pdf",,"Rechnungsbetrag Bitte überweisen Sie den offenen Rechnungsbetrag unter Angabe der Rechnungsnummer auf das oben genannte Konto. 20,00 EUR",Rechnungsbetrag,operating_category_labeled_amount,HIGH,NO,Operating amount excluded because it is a generic invoice/amount total or lacks explicit due/paid/unpaid meaning.
FE-000169,2024-11,Operating Cost,UNKNOWN_AMOUNT_DO_NOT_SUM,20.00,,,,,,"00_INBOX - Входящи - Eingang/Accounting_Organized/08_Operating_Costs/45027 - Rechnung 241185_2024 vom 29.11.2024, Aufträge 31_24, 33_24, 34_24, Mandant 42303.pdf",,"Rechnungsbetrag Bitte überweisen Sie den offenen Rechnungsbetrag unter Angabe der Rechnungsnummer auf das oben genannte Konto. 20,00 EUR",Rechnungsbetrag,operating_category_labeled_amount,HIGH,NO,Operating amount excluded because it is a generic invoice/amount total or lacks explicit due/paid/unpaid meaning.
FE-000170,2024-11,Operating Cost,UNKNOWN_AMOUNT_DO_NOT_SUM,20.00,,,,,,"00_INBOX - Входящи - Eingang/Accounting_Organized/08_Operating_Costs/45027 - Rechnung 241185_2024 vom 29.11.2024, Aufträge 31_24, 33_24, 34_24, Mandant 42303.pdf",,"Rechnungsbetrag Bitte überweisen Sie den offenen Rechnungsbetrag unter Angabe der Rechnungsnummer auf das oben genannte Konto. 20,00 EUR",Rechnungsbetrag,operating_category_labeled_amount,HIGH,NO,Operating amount excluded because it is a generic invoice/amount total or lacks explicit due/paid/unpaid meaning.
FE-000171,2024-12,Operating Cost,UNKNOWN_AMOUNT_DO_NOT_SUM,20.00,,,,,,"00_INBOX - Входящи - Eingang/Accounting_Organized/08_Operating_Costs/45474 - Rechnung 241289_2024 vom 27.12.2024, Aufträge 21_24, 31_24, 32_24, 33_24, 34_24, 35_21, 35_24, 50_24, 98_24, Mandant 42303.pdf",,"Rechnungsbetrag Bitte überweisen Sie den offenen Rechnungsbetrag unter Angabe der Rechnungsnummer auf das oben genannte Konto. 20,00 EUR",Rechnungsbetrag,operating_category_labeled_amount,HIGH,NO,Operating amount excluded because it is a generic invoice/amount total or lacks explicit due/paid/unpaid meaning.
FE-000172,2024-12,Operating Cost,UNKNOWN_AMOUNT_DO_NOT_SUM,20.00,,,,,,"00_INBOX - Входящи - Eingang/Accounting_Organized/08_Operating_Costs/45474 - Rechnung 241289_2024 vom 27.12.2024, Aufträge 21_24, 31_24, 32_24, 33_24, 34_24, 35_21, 35_24, 50_24, 98_24, Mandant 42303.pdf",,"Rechnungsbetrag Bitte überweisen Sie den offenen Rechnungsbetrag unter Angabe der Rechnungsnummer auf das oben genannte Konto. 20,00 EUR",Rechnungsbetrag,operating_category_labeled_amount,HIGH,NO,Operating amount excluded because it is a generic invoice/amount total or lacks explicit due/paid/unpaid meaning.
FE-000173,2025-03,Operating Cost,UNKNOWN_AMOUNT_DO_NOT_SUM,20.00,,,,,,"00_INBOX - Входящи - Eingang/Accounting_Organized/08_Operating_Costs/46583 - Rechnung 250253_2025 vom 14.03.2025, Aufträge 31_25, 33_24, 34_24, 34_25, Mandant 42303.pdf",,"Rechnungsbetrag Bitte überweisen Sie den offenen Rechnungsbetrag unter Angabe der Rechnungsnummer auf das oben genannte Konto. 20,00 EUR",Rechnungsbetrag,operating_category_labeled_amount,HIGH,NO,Operating amount excluded because it is a generic invoice/amount total or lacks explicit due/paid/unpaid meaning.
FE-000174,2025-03,Operating Cost,UNKNOWN_AMOUNT_DO_NOT_SUM,20.00,,,,,,"00_INBOX - Входящи - Eingang/Accounting_Organized/08_Operating_Costs/46583 - Rechnung 250253_2025 vom 14.03.2025, Aufträge 31_25, 33_24, 34_24, 34_25, Mandant 42303.pdf",,"Rechnungsbetrag Bitte überweisen Sie den offenen Rechnungsbetrag unter Angabe der Rechnungsnummer auf das oben genannte Konto. 20,00 EUR",Rechnungsbetrag,operating_category_labeled_amount,HIGH,NO,Operating amount excluded because it is a generic invoice/amount total or lacks explicit due/paid/unpaid meaning.
FE-000175,2025-03,Operating Cost,UNKNOWN_AMOUNT_DO_NOT_SUM,20.00,,,,,,"00_INBOX - Входящи - Eingang/Accounting_Organized/08_Operating_Costs/46851 - Rechnung 250303_2025 vom 31.03.2025, Aufträge 31_25, 33_25, 34_25, Mandant 42303.pdf",,"Rechnungsbetrag Bitte überweisen Sie den offenen Rechnungsbetrag unter Angabe der Rechnungsnummer auf das oben genannte Konto. 20,00 EUR",Rechnungsbetrag,operating_category_labeled_amount,HIGH,NO,Operating amount excluded because it is a generic invoice/amount total or lacks explicit due/paid/unpaid meaning.
FE-000176,2025-03,Operating Cost,UNKNOWN_AMOUNT_DO_NOT_SUM,20.00,,,,,,"00_INBOX - Входящи - Eingang/Accounting_Organized/08_Operating_Costs/46851 - Rechnung 250303_2025 vom 31.03.2025, Aufträge 31_25, 33_25, 34_25, Mandant 42303.pdf",,"Rechnungsbetrag Bitte überweisen Sie den offenen Rechnungsbetrag unter Angabe der Rechnungsnummer auf das oben genannte Konto. 20,00 EUR",Rechnungsbetrag,operating_category_labeled_amount,HIGH,NO,Operating amount excluded because it is a generic invoice/amount total or lacks explicit due/paid/unpaid meaning.
FE-000177,2025-06,Operating Cost,UNKNOWN_AMOUNT_DO_NOT_SUM,5270.35,,,,,,00_INBOX - Входящи - Eingang/Accounting_Organized/08_Operating_Costs/6106074_020725.pdf,,"Gesamtbetrag inkl. MwSt. 5.270,35",Gesamtbetrag,operating_category_labeled_amount,HIGH,NO,Operating amount excluded because it is a generic invoice/amount total or lacks explicit due/paid/unpaid meaning.
FE-000178,2025-05,Operating Cost,UNKNOWN_AMOUNT_DO_NOT_SUM,9949.77,,,,,,00_INBOX - Входящи - Eingang/Accounting_Organized/08_Operating_Costs/6106074_040625.pdf,,"Gesamtbetrag inkl. MwSt. 9.949,77",Gesamtbetrag,operating_category_labeled_amount,HIGH,NO,Operating amount excluded because it is a generic invoice/amount total or lacks explicit due/paid/unpaid meaning.
FE-000179,2024-11,Operating Cost,UNKNOWN_AMOUNT_DO_NOT_SUM,18535.34,,,,,,00_INBOX - Входящи - Eingang/Accounting_Organized/08_Operating_Costs/6106074_061224.pdf,,"Gesamtbetrag inkl. MwSt. 18.535,34",Gesamtbetrag,operating_category_labeled_amount,HIGH,NO,Operating amount excluded because it is a generic invoice/amount total or lacks explicit due/paid/unpaid meaning.
FE-000180,2025-01,Operating Cost,UNKNOWN_AMOUNT_DO_NOT_SUM,18262.14,,,,,,00_INBOX - Входящи - Eingang/Accounting_Organized/08_Operating_Costs/6106074_070225.pdf,,"Gesamtbetrag inkl. MwSt. 18.262,14",Gesamtbetrag,operating_category_labeled_amount,HIGH,NO,Operating amount excluded because it is a generic invoice/amount total or lacks explicit due/paid/unpaid meaning.
FE-000181,2024-12,Operating Cost,UNKNOWN_AMOUNT_DO_NOT_SUM,17862.56,,,,,,00_INBOX - Входящи - Eingang/Accounting_Organized/08_Operating_Costs/6106074_080125.pdf,,"Gesamtbetrag inkl. MwSt. 17.862,56",Gesamtbetrag,operating_category_labeled_amount,HIGH,NO,Operating amount excluded because it is a generic invoice/amount total or lacks explicit due/paid/unpaid meaning.
FE-000182,2025-03,Operating Cost,UNKNOWN_AMOUNT_DO_NOT_SUM,167412.67,,,,,,00_INBOX - Входящи - Eingang/Accounting_Organized/08_Operating_Costs/BWA 03-2025.pdf,,"Kosten % Pers.- Kosten Auf- schlag Jan/2025 - Mrz/2025 % Ges.- Leistg. % Ges.- Kosten % Pers.- Kosten Auf- schlag Umsatzerlöse 167.412,67",Kosten,operating_category_labeled_amount,HIGH,NO,Operating amount excluded because it is a generic invoice/amount total or lacks explicit due/paid/unpaid meaning.
FE-000183,2024-09,Operating Cost,UNKNOWN_AMOUNT_DO_NOT_SUM,214.00,,,,,,00_INBOX - Входящи - Eingang/Accounting_Organized/08_Operating_Costs/CarlundCarla_RG424005125.pdf,,"Gesamtbetrag 214,00 €",Gesamtbetrag,operating_category_labeled_amount,HIGH,NO,Operating amount excluded because it is a generic invoice/amount total or lacks explicit due/paid/unpaid meaning.
FE-000184,2024-09,Operating Cost,UNKNOWN_AMOUNT_DO_NOT_SUM,89.00,,,,,,00_INBOX - Входящи - Eingang/Accounting_Organized/08_Operating_Costs/CarlundCarla_RG424005157.pdf,,"Gesamtbetrag 89,00 €",Gesamtbetrag,operating_category_labeled_amount,HIGH,NO,Operating amount excluded because it is a generic invoice/amount total or lacks explicit due/paid/unpaid meaning.
FE-000185,2025-01,Operating Cost,UNKNOWN_AMOUNT_DO_NOT_SUM,675.92,,,,,,00_INBOX - Входящи - Eingang/Accounting_Organized/08_Operating_Costs/Martin Zahariev Transporte 2036 08.01.2025 Scannermiete.pdf,,"betrag:_____ 675,92 €",Betrag,operating_category_labeled_amount,HIGH,NO,Operating amount excluded because it is a generic invoice/amount total or lacks explicit due/paid/unpaid meaning.
FE-000186,2025-02,Operating Cost,UNKNOWN_AMOUNT_DO_NOT_SUM,637.84,,,,,,00_INBOX - Входящи - Eingang/Accounting_Organized/08_Operating_Costs/Martin Zahariev Transporte 2054 07.02.2025 Scannermiete.pdf,,"betrag:_____ 637,84 €",Betrag,operating_category_labeled_amount,HIGH,NO,Operating amount excluded because it is a generic invoice/amount total or lacks explicit due/paid/unpaid meaning.
FE-000187,2025-03,Operating Cost,UNKNOWN_AMOUNT_DO_NOT_SUM,637.84,,,,,,00_INBOX - Входящи - Eingang/Accounting_Organized/08_Operating_Costs/Martin Zahariev Transporte 2058 08.03.2025 Scannermiete.pdf,,"betrag:_____ 637,84 €",Betrag,operating_category_labeled_amount,HIGH,NO,Operating amount excluded because it is a generic invoice/amount total or lacks explicit due/paid/unpaid meaning.
FE-000188,2025-05,Operating Cost,UNKNOWN_AMOUNT_DO_NOT_SUM,35.70,,,,,,00_INBOX - Входящи - Eingang/Accounting_Organized/08_Operating_Costs/Rechnung 2782 Zahariev Hermes Bearbeitungsgebühr.pdf,,"betrag: _____ 35,70 €",Betrag,operating_category_labeled_amount,HIGH,NO,Operating amount excluded because it is a generic invoice/amount total or lacks explicit due/paid/unpaid meaning.
FE-000189,2025-06,Operating Cost,UNKNOWN_AMOUNT_DO_NOT_SUM,53.55,,,,,,00_INBOX - Входящи - Eingang/Accounting_Organized/08_Operating_Costs/Rechnung 2799 Bearbeitungsgebühr 10.06.2025 Zahariev.pdf,,"betrag: _____ 53,55 €",Betrag,operating_category_labeled_amount,HIGH,NO,Operating amount excluded because it is a generic invoice/amount total or lacks explicit due/paid/unpaid meaning.
FE-000190,2024-01,Operating Cost,UNKNOWN_AMOUNT_DO_NOT_SUM,119991.48,,,,,,00_INBOX - Входящи - Eingang/Accounting_Organized/08_Operating_Costs/Unternehmerabrechnung - VP 120-2400000826.pdf,,"Gesamtbetrag 119.991,48 EUR",Gesamtbetrag,operating_category_labeled_amount,HIGH,NO,Operating amount excluded because it is a generic invoice/amount total or lacks explicit due/paid/unpaid meaning.
FE-000191,2024-01,Operating Cost,UNKNOWN_AMOUNT_DO_NOT_SUM,34171.33,,,,,,00_INBOX - Входящи - Eingang/Accounting_Organized/08_Operating_Costs/Unternehmerabrechnung - VP 120-2400000990.pdf,,"Gesamtbetrag 34.171,33 EUR",Gesamtbetrag,operating_category_labeled_amount,HIGH,NO,Operating amount excluded because it is a generic invoice/amount total or lacks explicit due/paid/unpaid meaning.
FE-000192,2024-01,Operating Cost,UNKNOWN_AMOUNT_DO_NOT_SUM,6242.25,,,,,,00_INBOX - Входящи - Eingang/Accounting_Organized/08_Operating_Costs/Unternehmerabrechnung - VP 120-2400001108-1.pdf,,"Gesamtbetrag 6.242,25 EUR",Gesamtbetrag,operating_category_labeled_amount,HIGH,NO,Operating amount excluded because it is a generic invoice/amount total or lacks explicit due/paid/unpaid meaning.
FE-000193,2024-02,Operating Cost,UNKNOWN_AMOUNT_DO_NOT_SUM,634.21,,,,,,00_INBOX - Входящи - Eingang/Accounting_Organized/08_Operating_Costs/Unternehmerabrechnung - VP 120-2400017841.pdf,,"Gesamtbetrag 634,21 EUR",Gesamtbetrag,operating_category_labeled_amount,HIGH,NO,Operating amount excluded because it is a generic invoice/amount total or lacks explicit due/paid/unpaid meaning.
FE-000194,2024-02,Operating Cost,UNKNOWN_AMOUNT_DO_NOT_SUM,4.90,,,,,,00_INBOX - Входящи - Eingang/Accounting_Organized/08_Operating_Costs/Unternehmerabrechnung - VP 120-2400018211.pdf,,"Gesamtbetrag 4,90 EUR",Gesamtbetrag,operating_category_labeled_amount,HIGH,NO,Operating amount excluded because it is a generic invoice/amount total or lacks explicit due/paid/unpaid meaning.
FE-000195,2024-01,Operating Cost,UNKNOWN_AMOUNT_DO_NOT_SUM,2543.30,,,,,,00_INBOX - Входящи - Eingang/Accounting_Organized/08_Operating_Costs/Unternehmerabrechnung - VP 120-2400035414.pdf,,"Gesamtbetrag 2.543,30 EUR",Gesamtbetrag,operating_category_labeled_amount,HIGH,NO,Operating amount excluded because it is a generic invoice/amount total or lacks explicit due/paid/unpaid meaning.
FE-000196,2024-01,Operating Cost,UNKNOWN_AMOUNT_DO_NOT_SUM,608.64,,,,,,00_INBOX - Входящи - Eingang/Accounting_Organized/08_Operating_Costs/Unternehmerabrechnung - VP 120-2400035649.pdf,,"Gesamtbetrag 608,64 EUR",Gesamtbetrag,operating_category_labeled_amount,HIGH,NO,Operating amount excluded because it is a generic invoice/amount total or lacks explicit due/paid/unpaid meaning.
FE-000197,2024-01,Payroll,PAYROLL_BRUTTO,73703.19,,,,,,00_INBOX - Входящи - Eingang/Accounting/2024/Entgeltbescheinigungen 01-2024.pdf,,Summen aus Lohnabrechnung 000 000 73.70319 73.70319 73.70319 73.70319 2.02491 76.28319 73.70319 5.88913 000 000 6.04922 6.85439 95815 1.79356 33383 1.92806 000 000 000 000 6.04922 6.85439 95815 88444 ,document month + Summen aus Lohnabrechnung,gap_candidate_payroll_summary,MEDIUM,YES,
FE-000198,2024-02,Payroll,PAYROLL_BRUTTO,82167.64,,,,,,00_INBOX - Входящи - Eingang/Accounting/2024/Entgeltbescheinigungen 02-2024.pdf,,Summen aus Lohnabrechnung 000 000 82.16764 82.39514 82.39514 82.16764 2.25869 85.91544 83.12144 7.25155 000 2607 6.75312 7.66275 1.07115 2.04135 36129 1.88460 000 000 000 000 6.75312 7.66275 1.07115 98602 ,document month + Summen aus Lohnabrechnung,gap_candidate_payroll_summary,MEDIUM,YES,
FE-000199,2024-03,Payroll,PAYROLL_BRUTTO,81895.08,,,,,,00_INBOX - Входящи - Eingang/Accounting/2024/Entgeltbescheinigungen 03-2024.pdf,,Summen aus Lohnabrechnung 000 000 81.89508 81.89508 81.89508 81.89508 2.26054 85.60508 81.89508 6.55653 000 000 6.73660 7.61623 1.06464 2.04315 36589 54060 000 000 000 000 6.73660 7.61623 1.06464 98274 ,document month + Summen aus Lohnabrechnung,gap_candidate_payroll_summary,MEDIUM,YES,
FE-000200,2024-06,Health Insurance,HEALTH_INSURANCE_DUE,33596.07,,,,,,00_INBOX - Входящи - Eingang/Accounting/2024/Entgeltbescheinigungen 06-2024.pdf,,"AOK Baden-Württemberg 70025 Stuttgart Überweisung 89878877 253,34 AOK Bayern Die Gesundheitsk 81739 München Überweisung 89878877 1.125,65 AOK Hessen 61281 Bad Homburg Überweisung 89878877 1.244,22 AOK Nordost 14456 Potsdam Überweisung 89878877 1.187,06 AOK PLUS 01058 Dresden Überweisung 89878877 8.617,36 AOK Sachsen-Anhalt 39106 Magdeburg Keine Überw. 89878877 1.159,45- BKK Linde 65030 Wiesbaden Keine Überw. 89878877 1.351,67- BKK SBK 80227 München Überweisung 89878877 1.239,23 BKK VIACTIV 44803",document month + Krankenkasse Gesamtsumme/F?lligkeit,gap_candidate_payroll_health_summary,MEDIUM,YES,
FE-000201,2024-07,Payroll,PAYROLL_BRUTTO,72130.67,,,,,,00_INBOX - Входящи - Eingang/Accounting/2024/Entgeltbescheinigungen 07-2024.pdf,,Summen aus Lohnabrechnung 000 000 72.13067 72.13067 72.13067 72.13067 2.02098 76.75067 72.13067 5.51516 000 000 5.93721 6.70815 93770 1.83285 31584 13878- 000 000 000 000 5.93721 6.70815 93770 86557 ,document month + Summen aus Lohnabrechnung,gap_candidate_payroll_summary,MEDIUM,YES,
FE-000202,2024-07,Health Insurance,HEALTH_INSURANCE_DUE,33270.79,,,,,,00_INBOX - Входящи - Eingang/Accounting/2024/Entgeltbescheinigungen 07-2024.pdf,,"AOK Baden-Württemberg 70025 Stuttgart Überweisung 89878877 81,11 AOK Bayern Die Gesundheitsk 81739 München Überweisung 89878877 1.125,65 AOK Hessen 61281 Bad Homburg Überweisung 89878877 1.244,22 AOK Nordost 14456 Potsdam Überweisung 89878877 1.187,06 AOK PLUS 01058 Dresden Überweisung 89878877 9.219,88 BKK Linde 65030 Wiesbaden Überweisung 89878877 750,96 BKK SBK 80227 München Überweisung 89878877 1.125,14 BKK VIACTIV 44803 Bochum Überweisung 89878877 1.227,60 EK BARMER 42271 Wuppertal Überweis",document month + Krankenkasse Gesamtsumme/F?lligkeit,gap_candidate_payroll_health_summary,MEDIUM,YES,
FE-000203,2024-08,Payroll,PAYROLL_BRUTTO,84126.70,,,,,,00_INBOX - Входящи - Eingang/Accounting/payroll082024/Lohnauswertungen.pdf,,Summen aus Lohnabrechnung 000 000 84.12670 84.58170 84.58170 84.12670 2.27955 87.06105 84.88105 7.00240 000 000 7.17131 7.86609 1.09958 2.14699 34227 74322 000 000 000 000 7.17131 7.86609 1.09958 1.00951 ,document month + Summen aus Lohnabrechnung,gap_candidate_payroll_summary,MEDIUM,YES,
FE-000204,2024-08,Health Insurance,HEALTH_INSURANCE_DUE,32919.94,,,,,,00_INBOX - Входящи - Eingang/Accounting/2024/Entgeltbescheinigungen 08-2024.pdf,,"AOK Bayern Die Gesundheitsk 81739 München Überweisung 89878877 472,01 AOK Hessen 61281 Bad Homburg Überweisung 89878877 1.244,22 AOK Nordost 14456 Potsdam Keine Überw. 89878877 1.187,06- AOK PLUS 01058 Dresden Bar/Einzug 89878877 8.240,74 BKK Linde 65030 Wiesbaden Überweisung 89878877 1.296,02 BKK SBK 80227 München Überweisung 89878877 1.125,14 BKK VIACTIV 44803 Bochum Überweisung 89878877 1.227,60 EK BARMER 42271 Wuppertal Überweisung 89878877 2.303,42 EK DAK Gesundheit 20009 Hamburg Bar/Einzug",document month + Krankenkasse Gesamtsumme/F?lligkeit,gap_candidate_payroll_health_summary,MEDIUM,YES,
FE-000205,2024-08,Tax,TAX_DUE,7002.40,,,,,,00_INBOX - Входящи - Eingang/Accounting/2024/Entgeltbescheinigungen 08-2024.pdf,,r Lohnsteuer-Anmeldung---------------------- Lohnsteuer 7.00240,document month + Lohnsteuer-Anmeldung Lohnsteuer,gap_candidate_payroll_tax_summary,MEDIUM,YES,
FE-000206,2024-09,Health Insurance,HEALTH_INSURANCE_DUE,39302.86,,,,,,00_INBOX - Входящи - Eingang/Accounting/2024/Entgeltbescheinigungen 09-2024.pdf,,"AOK Bayern Die Gesundheitsk 81739 München Keine Überw. 89878877 798,83- AOK Hessen 61281 Bad Homburg Überweisung 89878877 1.244,22 AOK PLUS 01058 Dresden Bar/Einzug 89878877 11.253,52 BKK Linde 65030 Wiesbaden Überweisung 89878877 1.417,11 BKK SBK 80227 München Überweisung 89878877 326,66 BKK VIACTIV 44803 Bochum Überweisung 89878877 1.227,60 BKK vivida 78056 Villingen-Schwe Überweisung 89878877 544,82 EK BARMER 42271 Wuppertal Überweisung 89878877 3.501,30 EK DAK Gesundheit 20009 Hamburg Bar/Ei",document month + Krankenkasse Gesamtsumme/F?lligkeit,gap_candidate_payroll_health_summary,MEDIUM,YES,
FE-000207,2024-10,Payroll,PAYROLL_BRUTTO,84245.80,,,,,,00_INBOX - Входящи - Eingang/Accounting/payroll102024/Lohnauswertungen.pdf,,Summen aus Lohnabrechnung 000 000 84.24580 84.24580 84.24580 84.24580 2.37387 130.42580 84.24580 6.36490 000 000 7.13681 7.83486 1.09520 2.15590 38094 1.56099- 000 000 000 000 7.13681 7.83486 1.09520 1.01096 ,document month + Summen aus Lohnabrechnung,gap_candidate_payroll_summary,MEDIUM,YES,
FE-000208,2024-10,Health Insurance,HEALTH_INSURANCE_DUE,40678.01,,,,,,00_INBOX - Входящи - Eingang/Accounting/2024/Entgeltbescheinigungen 10-2024.pdf,,"AOK Hessen 61281 Bad Homburg Überweisung 89878877 1.244,22 AOK PLUS 01058 Dresden Bar/Einzug 89878877 15.451,27 BKK Linde 65030 Wiesbaden Überweisung 89878877 1.126,43 BKK SBK 80227 München Überweisung 89878877 1.074,28 BKK VIACTIV 44803 Bochum Überweisung 89878877 1.227,60 EK BARMER 42271 Wuppertal Überweisung 89878877 1.990,52 EK DAK Gesundheit 20009 Hamburg Bar/Einzug 89878877 604,19 EK KKH Kaufmännische Kranke 30144 Hannover Überweisung 89878877 17.870,97 EK Techniker-Krankenkasse 22291 Hamb",document month + Krankenkasse Gesamtsumme/F?lligkeit,gap_candidate_payroll_health_summary,MEDIUM,YES,
FE-000209,2024-11,Health Insurance,HEALTH_INSURANCE_DUE,40962.45,,,,,,00_INBOX - Входящи - Eingang/Accounting/2024/Entgeltbescheinigungen 11-2024.pdf,,"AOK Hessen 61281 Bad Homburg Überweisung 89878877 1.244,22 AOK PLUS 01058 Dresden Überweisung 89878877 15.042,95 BKK Linde 65030 Wiesbaden Überweisung 89878877 2.378,83 BKK SBK 80227 München Überweisung 89878877 1.350,19 BKK VIACTIV 44803 Bochum Überweisung 89878877 1.227,60 EK BARMER 42271 Wuppertal Überweisung 89878877 1.159,45 EK DAK Gesundheit 20009 Hamburg Fehler 89878877 1.151,97 EK KKH Kaufmännische Kranke 30144 Hannover Überweisung 89878877 15.855,27 EK Techniker-Krankenkasse 22291 Hambu",document month + Krankenkasse Gesamtsumme/F?lligkeit,gap_candidate_payroll_health_summary,MEDIUM,YES,
FE-000210,2024-12,Health Insurance,HEALTH_INSURANCE_DUE,36525.82,,,,,,00_INBOX - Входящи - Eingang/Accounting/2024/Entgeltbescheinigungen 12-2024.pdf,,"AOK AOK PLUS Die Gesundheit 01058 Dresden Überweisung 89878877 13.913,67 AOK Hessen 61281 Bad Homburg Überweisung 89878877 1.244,22 BKK BKK Linde 65030 Wiesbaden Überweisung 89878877 2.784,05 BKK SBK 80227 München Überweisung 89878877 1.125,14 BKK VIACTIV Krankenkasse 44803 Bochum Überweisung 89878877 1.298,00 EK BARMER 42271 Wuppertal Überweisung 89878877 1.159,45 EK DAK-Gesundheit 20097 Hamburg Überweisung 89878877 1.151,97 EK KKH Kaufmännische Kranke 30625 Hannover Überweisung 89878877 12.737",document month + Krankenkasse Gesamtsumme/F?lligkeit,gap_candidate_payroll_health_summary,MEDIUM,YES,
FE-000211,2025-01,Health Insurance,HEALTH_INSURANCE_DUE,40514.11,,,,,,00_INBOX - Входящи - Eingang/Accounting/2025/Entgeltbescheinigungen 01-2025.pdf,,"AOK AOK Hessen Direktion 61281 Bad Homburg Überweisung 89878877 1.244,22 AOK AOK PLUS Die Gesundheit 01058 Dresden Überweisung 89878877 17.743,16 BKK BKK Linde 65030 Wiesbaden Überweisung 89878877 2.268,34 BKK SBK HV West 80227 München Überweisung 89878877 1.125,14 BKK VIACTIV Krankenkasse 44803 Bochum Überweisung 89878877 1.262,80 EK BARMER (vormals BARMER G 42271 Wuppertal Überweisung 89878877 1.159,45 EK DAK-Gesundheit 20097 Hamburg Überweisung 89878877 1.151,97 EK KKH Kaufmännische Kranke 30",document month + Krankenkasse Gesamtsumme/F?lligkeit,gap_candidate_payroll_health_summary,MEDIUM,YES,
FE-000212,2025-02,Health Insurance,HEALTH_INSURANCE_DUE,28247.43,,,,,,00_INBOX - Входящи - Eingang/Accounting/2025/Entgeltbescheinigungen 02-2025.pdf,,"AOK AOK Hessen Direktion 61281 Bad Homburg Überweisung 89878877 1.158,76 AOK AOK PLUS Die Gesundheit 01058 Dresden Überweisung 89878877 13.812,22 BKK BKK Linde 65030 Wiesbaden Überweisung 89878877 2.164,10 BKK SBK HV West 80227 München Keine Überw. 89878877 311,03- BKK VIACTIV Krankenkasse 44803 Bochum Überweisung 89878877 1.146,76 EK BARMER (vormals BARMER G 42271 Wuppertal Überweisung 89878877 1.099,59 EK DAK-Gesundheit 20097 Hamburg Überweisung 89878877 1.079,21 EK KKH Kaufmännische Kranke 30",document month + Krankenkasse Gesamtsumme/F?lligkeit,gap_candidate_payroll_health_summary,MEDIUM,YES,
FE-000213,2025-03,Tax,TAX_DUE,4789.23,,,,,,00_INBOX - Входящи - Eingang/Accounting/2025/Entgeltbescheinigungen 03-2025.pdf,,r Lohnsteuer-Anmeldung---------------------- Lohnsteuer 4.78923,document month + Lohnsteuer-Anmeldung Lohnsteuer,gap_candidate_payroll_tax_summary,MEDIUM,YES,
FE-000214,2025-04,Payroll,PAYROLL_BRUTTO,65981.53,,,,,,00_INBOX - Входящи - Eingang/Accounting/2025/Entgeltbescheinigungen 04-2025.pdf,,Summen aus Lohnabrechnung 000 000 65.98153 65.98153 65.98153 65.98153 000 65.98153 65.98153 4.51802 000 000 5.90495 6.13629 85777 1.69994 25781 49366 000 000 000 000 5.90495 6.13629 85777 85777 ,document month + Summen aus Lohnabrechnung,gap_candidate_payroll_summary,MEDIUM,YES,
FE-000215,2025-04,Health Insurance,HEALTH_INSURANCE_DUE,28906.24,,,,,,00_INBOX - Входящи - Eingang/Accounting/2025/Entgeltbescheinigungen 04-2025.pdf,,"AOK Hessen 61281 Bad Homburg Keine Überw. 89878877 348,81- AOK PLUS 01058 Dresden Überweisung 89878877 9.962,60 BKK Linde 65030 Wiesbaden Überweisung 89878877 2.044,44 BKK VIACTIV Krankenkasse 44803 Bochum Überweisung 89878877 1.204,78 EK BARMER 42271 Wuppertal Überweisung 89878877 1.129,52 EK DAK-Gesundheit 20097 Hamburg Überweisung 89878877 1.115,59 EK Kaufmännische Krankenkas 30625 Hannover Überweisung 89878877 12.703,16 EK Techniker Krankenkasse 22305 Hamburg Überweisung 89878877 1.094,96 Fä",document month + Krankenkasse Gesamtsumme/F?lligkeit,gap_candidate_payroll_health_summary,MEDIUM,YES,
FE-000216,2025-04,Tax,TAX_DUE,4518.02,,,,,,00_INBOX - Входящи - Eingang/Accounting/2025/Entgeltbescheinigungen 04-2025.pdf,,r Lohnsteuer-Anmeldung---------------------- Lohnsteuer 4.51802,document month + Lohnsteuer-Anmeldung Lohnsteuer,gap_candidate_payroll_tax_summary,MEDIUM,YES,
FE-000217,2025-05,Payroll,PAYROLL_BRUTTO,51565.19,,,,,,00_INBOX - Входящи - Eingang/Accounting/2025/Entgeltbescheinigungen 05-2025.pdf,,Summen aus Lohnabrechnung 000 000 51.56519 51.56519 51.56519 51.56519 5327 51.56519 51.56519 4.63482 000 000 4.55706 4.79556 67036 1.32526 22372 1856- 000 000 000 000 4.55706 4.79556 67036 67036 ,document month + Summen aus Lohnabrechnung,gap_candidate_payroll_summary,MEDIUM,YES,
FE-000218,2025-05,Health Insurance,HEALTH_INSURANCE_DUE,27082.96,,,,,,00_INBOX - Входящи - Eingang/Accounting/2025/Entgeltbescheinigungen 05-2025.pdf,,"AOK PLUS 01058 Dresden Überweisung 89878877 9.606,05 BKK Linde 65030 Wiesbaden Überweisung 89878877 2.271,15 BKK VIACTIV Krankenkasse 44803 Bochum Überweisung 89878877 1.204,78 EK BARMER 42271 Wuppertal Überweisung 89878877 1.129,52 EK DAK-Gesundheit 20097 Hamburg Überweisung 89878877 1.413,92 EK Kaufmännische Krankenkas 30625 Hannover Überweisung 89878877 10.362,58 EK Techniker Krankenkasse 22305 Hamburg Überweisung 89878877 1.094,96 Fälligkeit bis: 27.05.2025 (1) 27.082,96 * G e s a m t s u m ",document month + Krankenkasse Gesamtsumme/F?lligkeit,gap_candidate_payroll_health_summary,MEDIUM,YES,
FE-000219,2025-05,Tax,TAX_DUE,4634.82,,,,,,00_INBOX - Входящи - Eingang/Accounting/2025/Entgeltbescheinigungen 05-2025.pdf,,r Lohnsteuer-Anmeldung---------------------- Lohnsteuer 4.63482,document month + Lohnsteuer-Anmeldung Lohnsteuer,gap_candidate_payroll_tax_summary,MEDIUM,YES,
FE-000220,2025-06,Payroll,PAYROLL_BRUTTO,34088.77,,,,,,00_INBOX - Входящи - Eingang/Accounting/2025/Entgeltbescheinigungen 06-2025.pdf,,Summen aus Lohnabrechnung 000 000 34.08877 34.08877 34.08877 34.08877 000 36.27185 36.27185 2.47401 000 000 3.05939 3.17026 44316 79302 12798 35289- 000 000 000 000 3.05939 3.17026 44316 44316 ,document month + Summen aus Lohnabrechnung,gap_candidate_payroll_summary,MEDIUM,YES,
FE-000221,2025-06,Health Insurance,HEALTH_INSURANCE_DUE,10334.33,,,,,,00_INBOX - Входящи - Eingang/Accounting/2025/Entgeltbescheinigungen 06-2025.pdf,,"AOK NordWest 58079 Hagen Überweisung 89878877 4.799,13 AOK PLUS 01058 Dresden Überweisung 89878877 889,73 BKK Linde 65030 Wiesbaden Überweisung 89878877 2.200,74 BKK VIACTIV Krankenkasse 44803 Bochum Überweisung 89878877 1.127,04 EK BARMER 42271 Wuppertal Überweisung 89878877 1.129,52 EK DAK-Gesundheit 20097 Hamburg Keine Überw. 89878877 1.007,61- EK Kaufmännische Krankenkas 30625 Hannover Überweisung 89878877 383,40 EK Techniker Krankenkasse 22305 Hamburg Überweisung 89878877 812,38 Fälligkeit ",document month + Krankenkasse Gesamtsumme/F?lligkeit,gap_candidate_payroll_health_summary,MEDIUM,YES,
FE-000222,2025-06,Tax,TAX_DUE,2474.01,,,,,,00_INBOX - Входящи - Eingang/Accounting/2025/Entgeltbescheinigungen 06-2025.pdf,,r Lohnsteuer-Anmeldung---------------------- Lohnsteuer 2.47401,document month + Lohnsteuer-Anmeldung Lohnsteuer,gap_candidate_payroll_tax_summary,MEDIUM,YES,
