original_path,filename,file_type,reason,content_read,recommended_next_action
00_INBOX - Входящи - Eingang/Accounting/1000040773.jpg,1000040773.jpg,.jpg,No category keywords detected.,NO,Review manually or add category-specific keyword/parser.
00_INBOX - Входящи - Eingang/Accounting/1000040774.jpg,1000040774.jpg,.jpg,No category keywords detected.,NO,Review manually or add category-specific keyword/parser.
00_INBOX - Входящи - Eingang/Accounting/1000047298 (1).jpg,1000047298 (1).jpg,.jpg,No category keywords detected.,NO,Review manually or add category-specific keyword/parser.
00_INBOX - Входящи - Eingang/Accounting/1000047301 (1).jpg,1000047301 (1).jpg,.jpg,No category keywords detected.,NO,Review manually or add category-specific keyword/parser.
00_INBOX - Входящи - Eingang/Accounting/10001_01-2024_DivAuswertungen_DivMitarbeiter_2Z1 (2)-1.pdf,10001_01-2024_DivAuswertungen_DivMitarbeiter_2Z1 (2)-1.pdf,.pdf,No category keywords detected.,NO,Review manually or add category-specific keyword/parser.
00_INBOX - Входящи - Eingang/Accounting/10001_01-2024_DivAuswertungen_DivMitarbeiter_2Z1.pdf,10001_01-2024_DivAuswertungen_DivMitarbeiter_2Z1.pdf,.pdf,No category keywords detected.,NO,Review manually or add category-specific keyword/parser.
00_INBOX - Входящи - Eingang/Accounting/10001_02-2024_DivAuswertungen_00006_5Z1.pdf,10001_02-2024_DivAuswertungen_00006_5Z1.pdf,.pdf,No category keywords detected.,NO,Review manually or add category-specific keyword/parser.
00_INBOX - Входящи - Eingang/Accounting/10001_03-2024_DivAuswertungen_DivMitarbeiter_8Z1.pdf,10001_03-2024_DivAuswertungen_DivMitarbeiter_8Z1.pdf,.pdf,No category keywords detected.,NO,Review manually or add category-specific keyword/parser.
00_INBOX - Входящи - Eingang/Accounting/10001_05-2024_DivAuswertungen_DivMitarbeiter_EZ1.pdf,10001_05-2024_DivAuswertungen_DivMitarbeiter_EZ1.pdf,.pdf,No category keywords detected.,NO,Review manually or add category-specific keyword/parser.
00_INBOX - Входящи - Eingang/Accounting/10001_06-2024_DivAuswertungen_DivMitarbeiter_HZ1.pdf,10001_06-2024_DivAuswertungen_DivMitarbeiter_HZ1.pdf,.pdf,No category keywords detected.,NO,Review manually or add category-specific keyword/parser.
00_INBOX - Входящи - Eingang/Accounting/10001_06_2025_Div_Auswertungen_Div_Mitarbeiter.pdf,10001_06_2025_Div_Auswertungen_Div_Mitarbeiter.pdf,.pdf,No category keywords detected.,NO,Review manually or add category-specific keyword/parser.
00_INBOX - Входящи - Eingang/Accounting/10001_07-2024_DivAuswertungen_DivMitarbeiter_KZ1.pdf,10001_07-2024_DivAuswertungen_DivMitarbeiter_KZ1.pdf,.pdf,No category keywords detected.,NO,Review manually or add category-specific keyword/parser.
00_INBOX - Входящи - Eingang/Accounting/10001_08-2024_Brutto_NettoProbe_00074_NZ1.pdf,10001_08-2024_Brutto_NettoProbe_00074_NZ1.pdf,.pdf,Low confidence match: brutto_netto,NO,Review manually or add category-specific keyword/parser.
00_INBOX - Входящи - Eingang/Accounting/10001_09-2024_DivAuswertungen_DivMitarbeiter_QZ1.pdf,10001_09-2024_DivAuswertungen_DivMitarbeiter_QZ1.pdf,.pdf,No category keywords detected.,NO,Review manually or add category-specific keyword/parser.
00_INBOX - Входящи - Eingang/Accounting/10001_12-2023_Brutto_NettoProbe_00025_ZZ1.pdf,10001_12-2023_Brutto_NettoProbe_00025_ZZ1.pdf,.pdf,Low confidence match: brutto_netto,NO,Review manually or add category-specific keyword/parser.
00_INBOX - Входящи - Eingang/Accounting/10001_12-2023_DivAuswertungen_DivMitarbeiter_ZZ1.pdf,10001_12-2023_DivAuswertungen_DivMitarbeiter_ZZ1.pdf,.pdf,No category keywords detected.,NO,Review manually or add category-specific keyword/parser.
00_INBOX - Входящи - Eingang/Accounting/20240105_214356.jpg,20240105_214356.jpg,.jpg,No category keywords detected.,NO,Review manually or add category-specific keyword/parser.
00_INBOX - Входящи - Eingang/Accounting/20240118_201244.jpg,20240118_201244.jpg,.jpg,No category keywords detected.,NO,Review manually or add category-specific keyword/parser.
00_INBOX - Входящи - Eingang/Accounting/20240118_201333.jpg,20240118_201333.jpg,.jpg,No category keywords detected.,NO,Review manually or add category-specific keyword/parser.
00_INBOX - Входящи - Eingang/Accounting/20240122_213234.jpg,20240122_213234.jpg,.jpg,No category keywords detected.,NO,Review manually or add category-specific keyword/parser.
00_INBOX - Входящи - Eingang/Accounting/20240122_213354.jpg,20240122_213354.jpg,.jpg,No category keywords detected.,NO,Review manually or add category-specific keyword/parser.
00_INBOX - Входящи - Eingang/Accounting/20240122_213523.jpg,20240122_213523.jpg,.jpg,No category keywords detected.,NO,Review manually or add category-specific keyword/parser.
00_INBOX - Входящи - Eingang/Accounting/20240207_175537.jpg,20240207_175537.jpg,.jpg,No category keywords detected.,NO,Review manually or add category-specific keyword/parser.
00_INBOX - Входящи - Eingang/Accounting/20240207_175612.jpg,20240207_175612.jpg,.jpg,No category keywords detected.,NO,Review manually or add category-specific keyword/parser.
00_INBOX - Входящи - Eingang/Accounting/20240213_154432.jpg,20240213_154432.jpg,.jpg,No category keywords detected.,NO,Review manually or add category-specific keyword/parser.
00_INBOX - Входящи - Eingang/Accounting/20240213_160151.jpg,20240213_160151.jpg,.jpg,No category keywords detected.,NO,Review manually or add category-specific keyword/parser.
00_INBOX - Входящи - Eingang/Accounting/20240213_160355.jpg,20240213_160355.jpg,.jpg,No category keywords detected.,NO,Review manually or add category-specific keyword/parser.
00_INBOX - Входящи - Eingang/Accounting/20240213_160605.jpg,20240213_160605.jpg,.jpg,No category keywords detected.,NO,Review manually or add category-specific keyword/parser.
00_INBOX - Входящи - Eingang/Accounting/20240213_160917.jpg,20240213_160917.jpg,.jpg,No category keywords detected.,NO,Review manually or add category-specific keyword/parser.
00_INBOX - Входящи - Eingang/Accounting/20240213_183313.jpg,20240213_183313.jpg,.jpg,No category keywords detected.,NO,Review manually or add category-specific keyword/parser.
00_INBOX - Входящи - Eingang/Accounting/20240228_165447.jpg,20240228_165447.jpg,.jpg,No category keywords detected.,NO,Review manually or add category-specific keyword/parser.
00_INBOX - Входящи - Eingang/Accounting/20240308_203211.mp4,20240308_203211.mp4,.mp4,No category keywords detected.,NO,Review manually or add category-specific keyword/parser.
00_INBOX - Входящи - Eingang/Accounting/20240308_203259.jpg,20240308_203259.jpg,.jpg,No category keywords detected.,NO,Review manually or add category-specific keyword/parser.
00_INBOX - Входящи - Eingang/Accounting/20240313_192946.jpg,20240313_192946.jpg,.jpg,No category keywords detected.,NO,Review manually or add category-specific keyword/parser.
00_INBOX - Входящи - Eingang/Accounting/20240313_193308(1).jpg,20240313_193308(1).jpg,.jpg,No category keywords detected.,NO,Review manually or add category-specific keyword/parser.
00_INBOX - Входящи - Eingang/Accounting/20240318_074925.jpg,20240318_074925.jpg,.jpg,No category keywords detected.,NO,Review manually or add category-specific keyword/parser.
00_INBOX - Входящи - Eingang/Accounting/20240318_174927.jpg,20240318_174927.jpg,.jpg,No category keywords detected.,NO,Review manually or add category-specific keyword/parser.
00_INBOX - Входящи - Eingang/Accounting/20240321_074606.jpg,20240321_074606.jpg,.jpg,No category keywords detected.,NO,Review manually or add category-specific keyword/parser.
00_INBOX - Входящи - Eingang/Accounting/20240323_055457.jpg,20240323_055457.jpg,.jpg,No category keywords detected.,NO,Review manually or add category-specific keyword/parser.
00_INBOX - Входящи - Eingang/Accounting/20240323_060040.jpg,20240323_060040.jpg,.jpg,No category keywords detected.,NO,Review manually or add category-specific keyword/parser.
00_INBOX - Входящи - Eingang/Accounting/20240405_091317.jpg,20240405_091317.jpg,.jpg,No category keywords detected.,NO,Review manually or add category-specific keyword/parser.
00_INBOX - Входящи - Eingang/Accounting/20240405_165837.jpg,20240405_165837.jpg,.jpg,No category keywords detected.,NO,Review manually or add category-specific keyword/parser.
00_INBOX - Входящи - Eingang/Accounting/20240405_165922.jpg,20240405_165922.jpg,.jpg,No category keywords detected.,NO,Review manually or add category-specific keyword/parser.
00_INBOX - Входящи - Eingang/Accounting/20240409_145317.jpg,20240409_145317.jpg,.jpg,No category keywords detected.,NO,Review manually or add category-specific keyword/parser.
00_INBOX - Входящи - Eingang/Accounting/20240411_200249.jpg,20240411_200249.jpg,.jpg,No category keywords detected.,NO,Review manually or add category-specific keyword/parser.
00_INBOX - Входящи - Eingang/Accounting/20240411_200351.jpg,20240411_200351.jpg,.jpg,No category keywords detected.,NO,Review manually or add category-specific keyword/parser.
00_INBOX - Входящи - Eingang/Accounting/20240411_200423.jpg,20240411_200423.jpg,.jpg,No category keywords detected.,NO,Review manually or add category-specific keyword/parser.
00_INBOX - Входящи - Eingang/Accounting/20240412_173242.jpg,20240412_173242.jpg,.jpg,No category keywords detected.,NO,Review manually or add category-specific keyword/parser.
00_INBOX - Входящи - Eingang/Accounting/20240421_160012.jpg,20240421_160012.jpg,.jpg,No category keywords detected.,NO,Review manually or add category-specific keyword/parser.
00_INBOX - Входящи - Eingang/Accounting/20240425_073935.jpg,20240425_073935.jpg,.jpg,No category keywords detected.,NO,Review manually or add category-specific keyword/parser.
00_INBOX - Входящи - Eingang/Accounting/20240503_165138.jpg,20240503_165138.jpg,.jpg,No category keywords detected.,NO,Review manually or add category-specific keyword/parser.
00_INBOX - Входящи - Eingang/Accounting/20240503_165410.jpg,20240503_165410.jpg,.jpg,No category keywords detected.,NO,Review manually or add category-specific keyword/parser.
00_INBOX - Входящи - Eingang/Accounting/20240506_174920.jpg,20240506_174920.jpg,.jpg,No category keywords detected.,NO,Review manually or add category-specific keyword/parser.
00_INBOX - Входящи - Eingang/Accounting/20240513_180215.jpg,20240513_180215.jpg,.jpg,No category keywords detected.,NO,Review manually or add category-specific keyword/parser.
00_INBOX - Входящи - Eingang/Accounting/20240518_133837.jpg,20240518_133837.jpg,.jpg,No category keywords detected.,NO,Review manually or add category-specific keyword/parser.
00_INBOX - Входящи - Eingang/Accounting/20240525_180048.jpg,20240525_180048.jpg,.jpg,No category keywords detected.,NO,Review manually or add category-specific keyword/parser.
00_INBOX - Входящи - Eingang/Accounting/20240603_123040.jpg,20240603_123040.jpg,.jpg,No category keywords detected.,NO,Review manually or add category-specific keyword/parser.
00_INBOX - Входящи - Eingang/Accounting/20240613_190612.jpg,20240613_190612.jpg,.jpg,No category keywords detected.,NO,Review manually or add category-specific keyword/parser.
00_INBOX - Входящи - Eingang/Accounting/20240620_175959.jpg,20240620_175959.jpg,.jpg,No category keywords detected.,NO,Review manually or add category-specific keyword/parser.
00_INBOX - Входящи - Eingang/Accounting/20240625_151011.jpg,20240625_151011.jpg,.jpg,No category keywords detected.,NO,Review manually or add category-specific keyword/parser.
00_INBOX - Входящи - Eingang/Accounting/20240629_074306.jpg,20240629_074306.jpg,.jpg,No category keywords detected.,NO,Review manually or add category-specific keyword/parser.
00_INBOX - Входящи - Eingang/Accounting/20240703_075444.jpg,20240703_075444.jpg,.jpg,No category keywords detected.,NO,Review manually or add category-specific keyword/parser.
00_INBOX - Входящи - Eingang/Accounting/20240725_170837.jpg,20240725_170837.jpg,.jpg,No category keywords detected.,NO,Review manually or add category-specific keyword/parser.
00_INBOX - Входящи - Eingang/Accounting/20240805_192746.jpg,20240805_192746.jpg,.jpg,No category keywords detected.,NO,Review manually or add category-specific keyword/parser.
00_INBOX - Входящи - Eingang/Accounting/20240805_193114.jpg,20240805_193114.jpg,.jpg,No category keywords detected.,NO,Review manually or add category-specific keyword/parser.
00_INBOX - Входящи - Eingang/Accounting/20240805_193118.jpg,20240805_193118.jpg,.jpg,No category keywords detected.,NO,Review manually or add category-specific keyword/parser.
00_INBOX - Входящи - Eingang/Accounting/20240807_150523.jpg,20240807_150523.jpg,.jpg,No category keywords detected.,NO,Review manually or add category-specific keyword/parser.
00_INBOX - Входящи - Eingang/Accounting/20240810_105035.jpg,20240810_105035.jpg,.jpg,No category keywords detected.,NO,Review manually or add category-specific keyword/parser.
00_INBOX - Входящи - Eingang/Accounting/20240908_151654.jpg,20240908_151654.jpg,.jpg,No category keywords detected.,NO,Review manually or add category-specific keyword/parser.
00_INBOX - Входящи - Eingang/Accounting/20240908_151754.jpg,20240908_151754.jpg,.jpg,No category keywords detected.,NO,Review manually or add category-specific keyword/parser.
00_INBOX - Входящи - Eingang/Accounting/20240908_152609.jpg,20240908_152609.jpg,.jpg,No category keywords detected.,NO,Review manually or add category-specific keyword/parser.
00_INBOX - Входящи - Eingang/Accounting/20240913_133524.jpg,20240913_133524.jpg,.jpg,No category keywords detected.,NO,Review manually or add category-specific keyword/parser.
00_INBOX - Входящи - Eingang/Accounting/20240918_170620.jpg,20240918_170620.jpg,.jpg,No category keywords detected.,NO,Review manually or add category-specific keyword/parser.
00_INBOX - Входящи - Eingang/Accounting/20240929_095748.jpg,20240929_095748.jpg,.jpg,No category keywords detected.,NO,Review manually or add category-specific keyword/parser.
00_INBOX - Входящи - Eingang/Accounting/20240929_095825.jpg,20240929_095825.jpg,.jpg,No category keywords detected.,NO,Review manually or add category-specific keyword/parser.
00_INBOX - Входящи - Eingang/Accounting/20240929_100504.jpg,20240929_100504.jpg,.jpg,No category keywords detected.,NO,Review manually or add category-specific keyword/parser.
00_INBOX - Входящи - Eingang/Accounting/20240929_100825.jpg,20240929_100825.jpg,.jpg,No category keywords detected.,NO,Review manually or add category-specific keyword/parser.
00_INBOX - Входящи - Eingang/Accounting/20240930_164727.jpg,20240930_164727.jpg,.jpg,No category keywords detected.,NO,Review manually or add category-specific keyword/parser.
00_INBOX - Входящи - Eingang/Accounting/20241003_104857.jpg,20241003_104857.jpg,.jpg,No category keywords detected.,NO,Review manually or add category-specific keyword/parser.
00_INBOX - Входящи - Eingang/Accounting/20241010_123555.jpg,20241010_123555.jpg,.jpg,No category keywords detected.,NO,Review manually or add category-specific keyword/parser.
00_INBOX - Входящи - Eingang/Accounting/20241010_124450.jpg,20241010_124450.jpg,.jpg,No category keywords detected.,NO,Review manually or add category-specific keyword/parser.
00_INBOX - Входящи - Eingang/Accounting/20241014_155934.jpg,20241014_155934.jpg,.jpg,No category keywords detected.,NO,Review manually or add category-specific keyword/parser.
00_INBOX - Входящи - Eingang/Accounting/20241127_094823.jpg,20241127_094823.jpg,.jpg,No category keywords detected.,NO,Review manually or add category-specific keyword/parser.
00_INBOX - Входящи - Eingang/Accounting/20241212_132952.jpg,20241212_132952.jpg,.jpg,No category keywords detected.,NO,Review manually or add category-specific keyword/parser.
00_INBOX - Входящи - Eingang/Accounting/20241214_121525.jpg,20241214_121525.jpg,.jpg,No category keywords detected.,NO,Review manually or add category-specific keyword/parser.
00_INBOX - Входящи - Eingang/Accounting/20241214_121714.jpg,20241214_121714.jpg,.jpg,No category keywords detected.,NO,Review manually or add category-specific keyword/parser.
00_INBOX - Входящи - Eingang/Accounting/20241220_033940.jpg,20241220_033940.jpg,.jpg,No category keywords detected.,NO,Review manually or add category-specific keyword/parser.
00_INBOX - Входящи - Eingang/Accounting/20241224_122812.jpg,20241224_122812.jpg,.jpg,No category keywords detected.,NO,Review manually or add category-specific keyword/parser.
00_INBOX - Входящи - Eingang/Accounting/20250107_102310.jpg,20250107_102310.jpg,.jpg,No category keywords detected.,NO,Review manually or add category-specific keyword/parser.
00_INBOX - Входящи - Eingang/Accounting/20250110_192304.jpg,20250110_192304.jpg,.jpg,No category keywords detected.,NO,Review manually or add category-specific keyword/parser.
00_INBOX - Входящи - Eingang/Accounting/20250113_174639.jpg,20250113_174639.jpg,.jpg,No category keywords detected.,NO,Review manually or add category-specific keyword/parser.
00_INBOX - Входящи - Eingang/Accounting/20250114_095805.jpg,20250114_095805.jpg,.jpg,No category keywords detected.,NO,Review manually or add category-specific keyword/parser.
00_INBOX - Входящи - Eingang/Accounting/20250115_195837.jpg,20250115_195837.jpg,.jpg,No category keywords detected.,NO,Review manually or add category-specific keyword/parser.
00_INBOX - Входящи - Eingang/Accounting/20250120_160820(1).jpg,20250120_160820(1).jpg,.jpg,No category keywords detected.,NO,Review manually or add category-specific keyword/parser.
00_INBOX - Входящи - Eingang/Accounting/20250120_160824.jpg,20250120_160824.jpg,.jpg,No category keywords detected.,NO,Review manually or add category-specific keyword/parser.
00_INBOX - Входящи - Eingang/Accounting/20250123_111752.jpg,20250123_111752.jpg,.jpg,No category keywords detected.,NO,Review manually or add category-specific keyword/parser.
00_INBOX - Входящи - Eingang/Accounting/20250127_151723.jpg,20250127_151723.jpg,.jpg,No category keywords detected.,NO,Review manually or add category-specific keyword/parser.
00_INBOX - Входящи - Eingang/Accounting/20250212_101528.jpg,20250212_101528.jpg,.jpg,No category keywords detected.,NO,Review manually or add category-specific keyword/parser.
00_INBOX - Входящи - Eingang/Accounting/20250212_102820.jpg,20250212_102820.jpg,.jpg,No category keywords detected.,NO,Review manually or add category-specific keyword/parser.
00_INBOX - Входящи - Eingang/Accounting/20250313_111831.jpg,20250313_111831.jpg,.jpg,No category keywords detected.,NO,Review manually or add category-specific keyword/parser.
00_INBOX - Входящи - Eingang/Accounting/20250314_082549.jpg,20250314_082549.jpg,.jpg,No category keywords detected.,NO,Review manually or add category-specific keyword/parser.
00_INBOX - Входящи - Eingang/Accounting/20250314_082554.jpg,20250314_082554.jpg,.jpg,No category keywords detected.,NO,Review manually or add category-specific keyword/parser.
00_INBOX - Входящи - Eingang/Accounting/20250320_141334.jpg,20250320_141334.jpg,.jpg,No category keywords detected.,NO,Review manually or add category-specific keyword/parser.
00_INBOX - Входящи - Eingang/Accounting/20250328_160329.jpg,20250328_160329.jpg,.jpg,No category keywords detected.,NO,Review manually or add category-specific keyword/parser.
00_INBOX - Входящи - Eingang/Accounting/20250402_095645.jpg,20250402_095645.jpg,.jpg,No category keywords detected.,NO,Review manually or add category-specific keyword/parser.
00_INBOX - Входящи - Eingang/Accounting/312_neut__Verdienstbescheinigung_Brutto_Netto_01_08_2023_-_31_07_2024.pdf,312_neut__Verdienstbescheinigung_Brutto_Netto_01_08_2023_-_31_07_2024.pdf,.pdf,Low confidence match: brutto_netto,NO,Review manually or add category-specific keyword/parser.
00_INBOX - Входящи - Eingang/Accounting/33882 - ESt-Bescheid 2020.pdf,33882 - ESt-Bescheid 2020.pdf,.pdf,No category keywords detected.,NO,Review manually or add category-specific keyword/parser.
00_INBOX - Входящи - Eingang/Accounting/38389 - Vorgangsmappe Lohn - Aktualisiert- Auszahlungen Inflationsprämie.xlsx,38389 - Vorgangsmappe Lohn - Aktualisiert- Auszahlungen Inflationsprämie.xlsx,.xlsx,No category keywords detected.,NO,Review manually or add category-specific keyword/parser.
"00_INBOX - Входящи - Eingang/Accounting/41621 - GewSt-Bescheid 2023,2024.pdf","41621 - GewSt-Bescheid 2023,2024.pdf",.pdf,No category keywords detected.,NO,Review manually or add category-specific keyword/parser.
"00_INBOX - Входящи - Eingang/Accounting/Abstimmliste (DE - SEPA, Langform) (1).pdf","Abstimmliste (DE - SEPA, Langform) (1).pdf",.pdf,Low confidence match: sepa,NO,Review manually or add category-specific keyword/parser.
"00_INBOX - Входящи - Eingang/Accounting/Abstimmliste (DE - SEPA, Langform) (3) (1).pdf","Abstimmliste (DE - SEPA, Langform) (3) (1).pdf",.pdf,Low confidence match: sepa,NO,Review manually or add category-specific keyword/parser.
00_INBOX - Входящи - Eingang/Accounting/Accountings 02-2025 - martin.zahariev@gmail.com - Gmail.htm,Accountings 02-2025 - martin.zahariev@gmail.com - Gmail.htm,.htm,Low confidence match: gmail,NO,Review manually or add category-specific keyword/parser.
00_INBOX - Входящи - Eingang/Accounting/Arbeitsbescheinigung Georgi Stefanov.pdf,Arbeitsbescheinigung Georgi Stefanov.pdf,.pdf,No category keywords detected.,NO,Review manually or add category-specific keyword/parser.
00_INBOX - Входящи - Eingang/Accounting/BKK .pdf,BKK .pdf,.pdf,Low confidence match: bkk,NO,Review manually or add category-specific keyword/parser.
00_INBOX - Входящи - Eingang/Accounting/BKK Linde Ratenzahlung.pdf,BKK Linde Ratenzahlung.pdf,.pdf,Low confidence match: bkk,NO,Review manually or add category-specific keyword/parser.
00_INBOX - Входящи - Eingang/Accounting/BRN3C2AF492C3FA_20240103_104208_027680.pdf,BRN3C2AF492C3FA_20240103_104208_027680.pdf,.pdf,No category keywords detected.,NO,Review manually or add category-specific keyword/parser.
00_INBOX - Входящи - Eingang/Accounting/BRN3C2AF492C3FA_20240516_114103_031693.pdf,BRN3C2AF492C3FA_20240516_114103_031693.pdf,.pdf,No category keywords detected.,NO,Review manually or add category-specific keyword/parser.
00_INBOX - Входящи - Eingang/Accounting/BRN3C2AF492C3FA_20250106_123149_036763.pdf,BRN3C2AF492C3FA_20250106_123149_036763.pdf,.pdf,No category keywords detected.,NO,Review manually or add category-specific keyword/parser.
00_INBOX - Входящи - Eingang/Accounting/BRN3C2AF492C3FA_20250130_141507_037353.pdf,BRN3C2AF492C3FA_20250130_141507_037353.pdf,.pdf,No category keywords detected.,NO,Review manually or add category-specific keyword/parser.
00_INBOX - Входящи - Eingang/Accounting/BRN3C2AF492C3FA_20250207_104944_037434.pdf,BRN3C2AF492C3FA_20250207_104944_037434.pdf,.pdf,No category keywords detected.,NO,Review manually or add category-specific keyword/parser.
00_INBOX - Входящи - Eingang/Accounting/BRN3C2AF492C3FA_20250312_121121_038078.pdf,BRN3C2AF492C3FA_20250312_121121_038078.pdf,.pdf,No category keywords detected.,NO,Review manually or add category-specific keyword/parser.
00_INBOX - Входящи - Eingang/Accounting/BRN3C2AF492C3FA_20250425_105744_039055.pdf,BRN3C2AF492C3FA_20250425_105744_039055.pdf,.pdf,No category keywords detected.,NO,Review manually or add category-specific keyword/parser.
00_INBOX - Входящи - Eingang/Accounting/BRN3C2AF492C3FA_20251119_133706_044302.pdf,BRN3C2AF492C3FA_20251119_133706_044302.pdf,.pdf,No category keywords detected.,NO,Review manually or add category-specific keyword/parser.
00_INBOX - Входящи - Eingang/Accounting/DocScanner 27.01.2025 г. 15-09 ч..pdf,DocScanner 27.01.2025 г. 15-09 ч..pdf,.pdf,Low confidence match: scanner,NO,Review manually or add category-specific keyword/parser.
00_INBOX - Входящи - Eingang/Accounting/enrico_deductions_detailed.xlsx,enrico_deductions_detailed.xlsx,.xlsx,No category keywords detected.,NO,Review manually or add category-specific keyword/parser.
00_INBOX - Входящи - Eingang/Accounting/Hauptzollamt Erfurt Umbuchung der Zahlung.pdf,Hauptzollamt Erfurt Umbuchung der Zahlung.pdf,.pdf,Low confidence match: Hauptzollamt,NO,Review manually or add category-specific keyword/parser.
00_INBOX - Входящи - Eingang/Accounting/image.png,image.png,.png,No category keywords detected.,NO,Review manually or add category-specific keyword/parser.
00_INBOX - Входящи - Eingang/Accounting/image001.png,image001.png,.png,No category keywords detected.,NO,Review manually or add category-specific keyword/parser.
00_INBOX - Входящи - Eingang/Accounting/image00122.png,image00122.png,.png,No category keywords detected.,NO,Review manually or add category-specific keyword/parser.
00_INBOX - Входящи - Eingang/Accounting/image222.png,image222.png,.png,No category keywords detected.,NO,Review manually or add category-specific keyword/parser.
00_INBOX - Входящи - Eingang/Accounting/KD.-NR.550980 OP-Liste.pdf,KD.-NR.550980 OP-Liste.pdf,.pdf,No category keywords detected.,NO,Review manually or add category-specific keyword/parser.
00_INBOX - Входящи - Eingang/Accounting/Lohnauswertungen_April_2025.pdf,Lohnauswertungen_April_2025.pdf,.pdf,Low confidence match: lohnauswertungen,NO,Review manually or add category-specific keyword/parser.
00_INBOX - Входящи - Eingang/Accounting/Lohnauswertungen_August_2024.pdf,Lohnauswertungen_August_2024.pdf,.pdf,Low confidence match: lohnauswertungen,NO,Review manually or add category-specific keyword/parser.
00_INBOX - Входящи - Eingang/Accounting/Lohnauswertungen_Juli_2024.pdf,Lohnauswertungen_Juli_2024.pdf,.pdf,Low confidence match: lohnauswertungen,NO,Review manually or add category-specific keyword/parser.
00_INBOX - Входящи - Eingang/Accounting/Lohnauswertungen_Juli_2025.pdf,Lohnauswertungen_Juli_2025.pdf,.pdf,Low confidence match: lohnauswertungen,NO,Review manually or add category-specific keyword/parser.
00_INBOX - Входящи - Eingang/Accounting/Lohnauswertungen_Juni_2025.pdf,Lohnauswertungen_Juni_2025.pdf,.pdf,Low confidence match: lohnauswertungen,NO,Review manually or add category-specific keyword/parser.
00_INBOX - Входящи - Eingang/Accounting/Lohnauswertungen_Mai_2024-1.pdf,Lohnauswertungen_Mai_2024-1.pdf,.pdf,Low confidence match: lohnauswertungen,NO,Review manually or add category-specific keyword/parser.
00_INBOX - Входящи - Eingang/Accounting/Lohnauswertungen_Mai_2024.pdf,Lohnauswertungen_Mai_2024.pdf,.pdf,Low confidence match: lohnauswertungen,NO,Review manually or add category-specific keyword/parser.
00_INBOX - Входящи - Eingang/Accounting/Lohnauswertungen_November_2024-1.pdf,Lohnauswertungen_November_2024-1.pdf,.pdf,Low confidence match: lohnauswertungen,NO,Review manually or add category-specific keyword/parser.
00_INBOX - Входящи - Eingang/Accounting/Lohnauswertungen_November_2024.pdf,Lohnauswertungen_November_2024.pdf,.pdf,Low confidence match: lohnauswertungen,NO,Review manually or add category-specific keyword/parser.
00_INBOX - Входящи - Eingang/Accounting/Lohnauswertungen_Oktober_2024.pdf,Lohnauswertungen_Oktober_2024.pdf,.pdf,Low confidence match: lohnauswertungen,NO,Review manually or add category-specific keyword/parser.
00_INBOX - Входящи - Eingang/Accounting/Martin Zahariev - Bescheid - Adressnachweis.pdf,Martin Zahariev - Bescheid - Adressnachweis.pdf,.pdf,No category keywords detected.,NO,Review manually or add category-specific keyword/parser.
00_INBOX - Входящи - Eingang/Accounting/Screenshot_20240212_173450_Samsung Internet.jpg,Screenshot_20240212_173450_Samsung Internet.jpg,.jpg,No category keywords detected.,NO,Review manually or add category-specific keyword/parser.
00_INBOX - Входящи - Eingang/Accounting/Screenshot_20250121_103739_Revolut.jpg,Screenshot_20250121_103739_Revolut.jpg,.jpg,No category keywords detected.,NO,Review manually or add category-specific keyword/parser.
00_INBOX - Входящи - Eingang/Accounting/Screenshot_20250127_123918_Google.jpg,Screenshot_20250127_123918_Google.jpg,.jpg,No category keywords detected.,NO,Review manually or add category-specific keyword/parser.
00_INBOX - Входящи - Eingang/Accounting/Screenshot_20250127_124135_Google.jpg,Screenshot_20250127_124135_Google.jpg,.jpg,No category keywords detected.,NO,Review manually or add category-specific keyword/parser.
00_INBOX - Входящи - Eingang/Accounting/SEPA AOK Sachsen-Anhalt.pdf,SEPA AOK Sachsen-Anhalt.pdf,.pdf,Low confidence match: aok,NO,Review manually or add category-specific keyword/parser.
00_INBOX - Входящи - Eingang/Accounting/SEPA List health security-1.pdf,SEPA List health security-1.pdf,.pdf,Low confidence match: sepa,NO,Review manually or add category-specific keyword/parser.
00_INBOX - Входящи - Eingang/Accounting/Still missing.PNG,Still missing.PNG,.png,No category keywords detected.,NO,Review manually or add category-specific keyword/parser.
00_INBOX - Входящи - Eingang/Accounting/tempFileForShare_20250127-132510.jpg,tempFileForShare_20250127-132510.jpg,.jpg,No category keywords detected.,NO,Review manually or add category-specific keyword/parser.
00_INBOX - Входящи - Eingang/Accounting/Test Pay ROll.pdf,Test Pay ROll.pdf,.pdf,No category keywords detected.,NO,Review manually or add category-specific keyword/parser.
00_INBOX - Входящи - Eingang/Accounting/unnamed.png,unnamed.png,.png,No category keywords detected.,NO,Review manually or add category-specific keyword/parser.
00_INBOX - Входящи - Eingang/Accounting/unnamed1.png,unnamed1.png,.png,No category keywords detected.,NO,Review manually or add category-specific keyword/parser.
00_INBOX - Входящи - Eingang/Accounting/unnamed222.jpg,unnamed222.jpg,.jpg,No category keywords detected.,NO,Review manually or add category-specific keyword/parser.
00_INBOX - Входящи - Eingang/Accounting/unnamed222.png,unnamed222.png,.png,No category keywords detected.,NO,Review manually or add category-specific keyword/parser.
00_INBOX - Входящи - Eingang/Accounting/unnamed3.png,unnamed3.png,.png,No category keywords detected.,NO,Review manually or add category-specific keyword/parser.
00_INBOX - Входящи - Eingang/Accounting/unnamed3333333.jpg,unnamed3333333.jpg,.jpg,No category keywords detected.,NO,Review manually or add category-specific keyword/parser.
00_INBOX - Входящи - Eingang/Accounting/unnamed34.22.png,unnamed34.22.png,.png,No category keywords detected.,NO,Review manually or add category-specific keyword/parser.
00_INBOX - Входящи - Eingang/Accounting/Untitled.jpg,Untitled.jpg,.jpg,No category keywords detected.,NO,Review manually or add category-specific keyword/parser.
00_INBOX - Входящи - Eingang/Accounting/viactiv krankenv..png,viactiv krankenv..png,.png,Low confidence match: viactiv,NO,Review manually or add category-specific keyword/parser.
00_INBOX - Входящи - Eingang/Accounting/Vivda BKK.pdf,Vivda BKK.pdf,.pdf,Low confidence match: bkk,NO,Review manually or add category-specific keyword/parser.
00_INBOX - Входящи - Eingang/Accounting/working hours 04.2025(1).xlsx,working hours 04.2025(1).xlsx,.xlsx,No category keywords detected.,NO,Review manually or add category-specific keyword/parser.
00_INBOX - Входящи - Eingang/Accounting/Без им22е222.png,Без им22е222.png,.png,No category keywords detected.,NO,Review manually or add category-specific keyword/parser.
00_INBOX - Входящи - Eingang/Accounting/Без име222.png,Без име222.png,.png,No category keywords detected.,NO,Review manually or add category-specific keyword/parser.
00_INBOX - Входящи - Eingang/Accounting/2. Sozialversicherungsanmeldungen/#2024/9. Nachweise zur Anmeldung der Mitarbeiter beim Sozialversicherungsträger.pdf,9. Nachweise zur Anmeldung der Mitarbeiter beim Sozialversicherungsträger.pdf,.pdf,Low confidence match: sozialversicherung,NO,Review manually or add category-specific keyword/parser.
00_INBOX - Входящи - Eingang/Accounting/2. Sozialversicherungsanmeldungen/old/2021/Sozialversicherungsanmeldungen 01-2020 bis 03-2021.pdf,Sozialversicherungsanmeldungen 01-2020 bis 03-2021.pdf,.pdf,Low confidence match: sozialversicherung,NO,Review manually or add category-specific keyword/parser.
00_INBOX - Входящи - Eingang/Accounting/2. Sozialversicherungsanmeldungen/old/2021/SV-Nachweis (DEЪV)_Div Mitarbeiter_   (07-2021.pdf,SV-Nachweis (DEЪV)_Div Mitarbeiter_   (07-2021.pdf,.pdf,Low confidence match: sozialversicherung,NO,Review manually or add category-specific keyword/parser.
00_INBOX - Входящи - Eingang/Accounting/2. Sozialversicherungsanmeldungen/old/ab 2022 - 2023 !!!!/SV-Nachweise.pdf,SV-Nachweise.pdf,.pdf,Low confidence match: sozialversicherung,NO,Review manually or add category-specific keyword/parser.
00_INBOX - Входящи - Eingang/Accounting/2. Sozialversicherungsanmeldungen/old/аb 2021 - 2022/Sozialversicherungsanmeldungen.pdf,Sozialversicherungsanmeldungen.pdf,.pdf,Low confidence match: sozialversicherung,NO,Review manually or add category-specific keyword/parser.
00_INBOX - Входящи - Eingang/Accounting/Accountings 02-2025 - martin.zahariev@gmail.com - Gmail_files/2.htm,2.htm,.htm,Low confidence match: gmail,NO,Review manually or add category-specific keyword/parser.
00_INBOX - Входящи - Eingang/Accounting/Accountings 02-2025 - martin.zahariev@gmail.com - Gmail_files/32.png,32.png,.png,Low confidence match: gmail,NO,Review manually or add category-specific keyword/parser.
00_INBOX - Входящи - Eingang/Accounting/Accountings 02-2025 - martin.zahariev@gmail.com - Gmail_files/32_002.png,32_002.png,.png,Low confidence match: gmail,NO,Review manually or add category-specific keyword/parser.
00_INBOX - Входящи - Eingang/Accounting/Accountings 02-2025 - martin.zahariev@gmail.com - Gmail_files/32_003.png,32_003.png,.png,Low confidence match: gmail,NO,Review manually or add category-specific keyword/parser.
00_INBOX - Входящи - Eingang/Accounting/Accountings 02-2025 - martin.zahariev@gmail.com - Gmail_files/a.htm,a.htm,.htm,Low confidence match: gmail,NO,Review manually or add category-specific keyword/parser.
00_INBOX - Входящи - Eingang/Accounting/Accountings 02-2025 - martin.zahariev@gmail.com - Gmail_files/app.htm,app.htm,.htm,Low confidence match: gmail,NO,Review manually or add category-specific keyword/parser.
00_INBOX - Входящи - Eingang/Accounting/Accountings 02-2025 - martin.zahariev@gmail.com - Gmail_files/bscframe.htm,bscframe.htm,.htm,Low confidence match: gmail,NO,Review manually or add category-specific keyword/parser.
00_INBOX - Входящи - Eingang/Accounting/Accountings 02-2025 - martin.zahariev@gmail.com - Gmail_files/cb=gapi.loaded_0,cb=gapi.loaded_0,.loaded_0,Low confidence match: gmail,NO,Review manually or add category-specific keyword/parser.
00_INBOX - Входящи - Eingang/Accounting/Accountings 02-2025 - martin.zahariev@gmail.com - Gmail_files/cb=gapi.loaded_1,cb=gapi.loaded_1,.loaded_1,Low confidence match: gmail,NO,Review manually or add category-specific keyword/parser.
00_INBOX - Входящи - Eingang/Accounting/Accountings 02-2025 - martin.zahariev@gmail.com - Gmail_files/cb=gapi.loaded_2,cb=gapi.loaded_2,.loaded_2,Low confidence match: gmail,NO,Review manually or add category-specific keyword/parser.
00_INBOX - Входящи - Eingang/Accounting/Accountings 02-2025 - martin.zahariev@gmail.com - Gmail_files/cleardot.gif,cleardot.gif,.gif,Low confidence match: gmail,NO,Review manually or add category-specific keyword/parser.
00_INBOX - Входящи - Eingang/Accounting/Accountings 02-2025 - martin.zahariev@gmail.com - Gmail_files/cleardot_002.gif,cleardot_002.gif,.gif,Low confidence match: gmail,NO,Review manually or add category-specific keyword/parser.
00_INBOX - Входящи - Eingang/Accounting/Accountings 02-2025 - martin.zahariev@gmail.com - Gmail_files/gmail_lhn_icon_468fb3e91953c34a349664185ab06b12.svg,gmail_lhn_icon_468fb3e91953c34a349664185ab06b12.svg,.svg,Low confidence match: gmail,NO,Review manually or add category-specific keyword/parser.
00_INBOX - Входящи - Eingang/Accounting/Accountings 02-2025 - martin.zahariev@gmail.com - Gmail_files/google_workspace_1x.png,google_workspace_1x.png,.png,Low confidence match: gmail,NO,Review manually or add category-specific keyword/parser.
00_INBOX - Входящи - Eingang/Accounting/Accountings 02-2025 - martin.zahariev@gmail.com - Gmail_files/google_workspace_2x.png,google_workspace_2x.png,.png,Low confidence match: gmail,NO,Review manually or add category-specific keyword/parser.
00_INBOX - Входящи - Eingang/Accounting/Accountings 02-2025 - martin.zahariev@gmail.com - Gmail_files/icon_3_pdf_x16.png,icon_3_pdf_x16.png,.png,Low confidence match: gmail,NO,Review manually or add category-specific keyword/parser.
00_INBOX - Входящи - Eingang/Accounting/Accountings 02-2025 - martin.zahariev@gmail.com - Gmail_files/lazy.min.js,lazy.min.js,.js,Low confidence match: gmail,NO,Review manually or add category-specific keyword/parser.
00_INBOX - Входящи - Eingang/Accounting/Accountings 02-2025 - martin.zahariev@gmail.com - Gmail_files/logo_gmail_lockup_default_1x_r7.png,logo_gmail_lockup_default_1x_r7.png,.png,Low confidence match: gmail,NO,Review manually or add category-specific keyword/parser.
00_INBOX - Входящи - Eingang/Accounting/Accountings 02-2025 - martin.zahariev@gmail.com - Gmail_files/logo_gmail_lockup_default_2x_r7.png,logo_gmail_lockup_default_2x_r7.png,.png,Low confidence match: gmail,NO,Review manually or add category-specific keyword/parser.
00_INBOX - Входящи - Eingang/Accounting/Accountings 02-2025 - martin.zahariev@gmail.com - Gmail_files/logo_loading.png,logo_loading.png,.png,Low confidence match: gmail,NO,Review manually or add category-specific keyword/parser.
00_INBOX - Входящи - Eingang/Accounting/Accountings 02-2025 - martin.zahariev@gmail.com - Gmail_files/logo_loading_2x.png,logo_loading_2x.png,.png,Low confidence match: gmail,NO,Review manually or add category-specific keyword/parser.
00_INBOX - Входящи - Eingang/Accounting/Accountings 02-2025 - martin.zahariev@gmail.com - Gmail_files/m=a,m=a,,Low confidence match: gmail,NO,Review manually or add category-specific keyword/parser.
00_INBOX - Входящи - Eingang/Accounting/Accountings 02-2025 - martin.zahariev@gmail.com - Gmail_files/m=b,m=b,,Low confidence match: gmail,NO,Review manually or add category-specific keyword/parser.
"00_INBOX - Входящи - Eingang/Accounting/Accountings 02-2025 - martin.zahariev@gmail.com - Gmail_files/m=ebdd,sps,l,spit,t,it,anc","m=ebdd,sps,l,spit,t,it,anc",,Low confidence match: gmail,NO,Review manually or add category-specific keyword/parser.
"00_INBOX - Входящи - Eingang/Accounting/Accountings 02-2025 - martin.zahariev@gmail.com - Gmail_files/m=m,m_i","m=m,m_i",,Low confidence match: gmail,NO,Review manually or add category-specific keyword/parser.
00_INBOX - Входящи - Eingang/Accounting/Accountings 02-2025 - martin.zahariev@gmail.com - Gmail_files/RotateCookiesPage.htm,RotateCookiesPage.htm,.htm,Low confidence match: gmail,NO,Review manually or add category-specific keyword/parser.
00_INBOX - Входящи - Eingang/Accounting/Accountings 02-2025 - martin.zahariev@gmail.com - Gmail_files/rs=AA2YrTuDWbAN8-VT3mmz0owHPs0Sou5KiA,rs=AA2YrTuDWbAN8-VT3mmz0owHPs0Sou5KiA,,Low confidence match: gmail,NO,Review manually or add category-specific keyword/parser.
00_INBOX - Входящи - Eingang/Accounting/Accountings 02-2025 - martin.zahariev@gmail.com - Gmail_files/rs=AA2YrTv6bergjBgiGMuELW2UtRLSUgJ9LA.css,rs=AA2YrTv6bergjBgiGMuELW2UtRLSUgJ9LA.css,.css,Low confidence match: gmail,NO,Review manually or add category-specific keyword/parser.
00_INBOX - Входящи - Eingang/Accounting/Accountings 02-2025 - martin.zahariev@gmail.com - Gmail_files/SWG_GShield_Lockup_Horizontal_24px.png,SWG_GShield_Lockup_Horizontal_24px.png,.png,Low confidence match: gmail,NO,Review manually or add category-specific keyword/parser.
00_INBOX - Входящи - Eingang/Accounting/Accountings 02-2025 - martin.zahariev@gmail.com - Gmail_files/thumb.png,thumb.png,.png,Low confidence match: gmail,NO,Review manually or add category-specific keyword/parser.
00_INBOX - Входящи - Eingang/Accounting/Accountings 02-2025 - martin.zahariev@gmail.com - Gmail_files/thumb_002.png,thumb_002.png,.png,Low confidence match: gmail,NO,Review manually or add category-specific keyword/parser.
00_INBOX - Входящи - Eingang/Accounting/Accountings 02-2025 - martin.zahariev@gmail.com - Gmail_files/unnamed.png,unnamed.png,.png,Low confidence match: gmail,NO,Review manually or add category-specific keyword/parser.
00_INBOX - Входящи - Eingang/Accounting/Accountings 02-2025 - martin.zahariev@gmail.com - Gmail_files/unnamed_002.png,unnamed_002.png,.png,Low confidence match: gmail,NO,Review manually or add category-specific keyword/parser.
00_INBOX - Входящи - Eingang/Accounting/Accountings 02-2025 - martin.zahariev@gmail.com - Gmail_files/unnamed_003.png,unnamed_003.png,.png,Low confidence match: gmail,NO,Review manually or add category-specific keyword/parser.
00_INBOX - Входящи - Eingang/Accounting/Accountings 02-2025 - martin.zahariev@gmail.com - Gmail_files/unnamed_004.png,unnamed_004.png,.png,Low confidence match: gmail,NO,Review manually or add category-specific keyword/parser.
00_INBOX - Входящи - Eingang/Accounting/Accountings 02-2025 - martin.zahariev@gmail.com - Gmail_files/2_data/api.js,api.js,.js,Low confidence match: gmail,NO,Review manually or add category-specific keyword/parser.
00_INBOX - Входящи - Eingang/Accounting/Accountings 02-2025 - martin.zahariev@gmail.com - Gmail_files/2_data/cb=gapi.loaded_0,cb=gapi.loaded_0,.loaded_0,Low confidence match: gmail,NO,Review manually or add category-specific keyword/parser.
00_INBOX - Входящи - Eingang/Accounting/Accountings 02-2025 - martin.zahariev@gmail.com - Gmail_files/2_data/css2.css,css2.css,.css,Low confidence match: gmail,NO,Review manually or add category-specific keyword/parser.
"00_INBOX - Входящи - Eingang/Accounting/Accountings 02-2025 - martin.zahariev@gmail.com - Gmail_files/2_data/m=_b,_tp","m=_b,_tp",,Low confidence match: gmail,NO,Review manually or add category-specific keyword/parser.
"00_INBOX - Входящи - Eingang/Accounting/Accountings 02-2025 - martin.zahariev@gmail.com - Gmail_files/app_data/m=_b,_tp","m=_b,_tp",,Low confidence match: gmail,NO,Review manually or add category-specific keyword/parser.
00_INBOX - Входящи - Eingang/Accounting/Accountings 02-2025 - martin.zahariev@gmail.com - Gmail_files/RotateCookiesPage_data/m=hfcr,m=hfcr,,Low confidence match: gmail,NO,Review manually or add category-specific keyword/parser.
00_INBOX - Входящи - Eingang/Accounting/accountings032024/Accountings 03-2024.pdf,Accountings 03-2024.pdf,.pdf,No category keywords detected.,NO,Review manually or add category-specific keyword/parser.
00_INBOX - Входящи - Eingang/Accounting/aokplusunbedenklichitsbewchaidigung/20240408_084359.jpg,20240408_084359.jpg,.jpg,Low confidence match: aok,NO,Review manually or add category-specific keyword/parser.
00_INBOX - Входящи - Eingang/Accounting/aokplusunbedenklichitsbewchaidigung/20240408_084402.jpg,20240408_084402.jpg,.jpg,Low confidence match: aok,NO,Review manually or add category-specific keyword/parser.
00_INBOX - Входящи - Eingang/Accounting/aoksachsenanhalt/20240703_075547.jpg,20240703_075547.jpg,.jpg,Low confidence match: aok,NO,Review manually or add category-specific keyword/parser.
00_INBOX - Входящи - Eingang/Accounting/aoksachsenanhalt/20240703_075552.jpg,20240703_075552.jpg,.jpg,Low confidence match: aok,NO,Review manually or add category-specific keyword/parser.
00_INBOX - Входящи - Eingang/Accounting/aoksachsenanhalt/20240703_075559.jpg,20240703_075559.jpg,.jpg,Low confidence match: aok,NO,Review manually or add category-specific keyword/parser.
00_INBOX - Входящи - Eingang/Accounting/aoksachsenanhalt2/20240311_164147.jpg,20240311_164147.jpg,.jpg,Low confidence match: aok,NO,Review manually or add category-specific keyword/parser.
00_INBOX - Входящи - Eingang/Accounting/aoksachsenanhalt2/20240311_164152.jpg,20240311_164152.jpg,.jpg,Low confidence match: aok,NO,Review manually or add category-specific keyword/parser.
00_INBOX - Входящи - Eingang/Accounting/audit2024/8. Lohnabrechnungen aller Mitarbeiter.zip,8. Lohnabrechnungen aller Mitarbeiter.zip,.zip,Low confidence match: lohnabrechnung,NO,Review manually or add category-specific keyword/parser.
00_INBOX - Входящи - Eingang/Accounting/awbonuses042024/10001_04-2024_DivAuswertungen_DivMitarbeiter_BZ1.pdf,10001_04-2024_DivAuswertungen_DivMitarbeiter_BZ1.pdf,.pdf,No category keywords detected.,NO,Review manually or add category-specific keyword/parser.
00_INBOX - Входящи - Eingang/Accounting/awbonuses042024/38389 - Vorgangsmappe Lohn - Auszahlungen Inflationsprämie.xlsx,38389 - Vorgangsmappe Lohn - Auszahlungen Inflationsprämie.xlsx,.xlsx,No category keywords detected.,NO,Review manually or add category-specific keyword/parser.
00_INBOX - Входящи - Eingang/Accounting/awbonuses042024/Working Hours 04.2024.xlsx,Working Hours 04.2024.xlsx,.xlsx,No category keywords detected.,NO,Review manually or add category-specific keyword/parser.
00_INBOX - Входящи - Eingang/Accounting/awbonusfoodbonus032024/10001_03-2024_DivAuswertungen_DivMitarbeiter_8Z1.pdf,10001_03-2024_DivAuswertungen_DivMitarbeiter_8Z1.pdf,.pdf,No category keywords detected.,NO,Review manually or add category-specific keyword/parser.
00_INBOX - Входящи - Eingang/Accounting/awbonusfoodbonus032024/38389 - Vorgangsmappe Lohn - Auszahlungen Inflationsprämie.xlsx,38389 - Vorgangsmappe Lohn - Auszahlungen Inflationsprämie.xlsx,.xlsx,No category keywords detected.,NO,Review manually or add category-specific keyword/parser.
00_INBOX - Входящи - Eingang/Accounting/awbonusfoodbonus032024/38389 - Vorgangsmappe Lohn - Working Hours 03-2024 .xlsx,38389 - Vorgangsmappe Lohn - Working Hours 03-2024 .xlsx,.xlsx,No category keywords detected.,NO,Review manually or add category-specific keyword/parser.
00_INBOX - Входящи - Eingang/Accounting/awturchalievastefanova/10001_00069_Turchalieva_Maria_Desislava_07_2024_Div_Auswertungen_I03 (1).pdf,10001_00069_Turchalieva_Maria_Desislava_07_2024_Div_Auswertungen_I03 (1).pdf,.pdf,No category keywords detected.,NO,Review manually or add category-specific keyword/parser.
00_INBOX - Входящи - Eingang/Accounting/awturchalievastefanova/10001_00070_Stefanova_Petya_06_2024_Div_Auswertungen_F0B.pdf,10001_00070_Stefanova_Petya_06_2024_Div_Auswertungen_F0B.pdf,.pdf,No category keywords detected.,NO,Review manually or add category-specific keyword/parser.
00_INBOX - Входящи - Eingang/Accounting/finanzamt/20240304_134707.jpg,20240304_134707.jpg,.jpg,Low confidence match: finanzamt,NO,Review manually or add category-specific keyword/parser.
00_INBOX - Входящи - Eingang/Accounting/finanzamt/20240304_134727.jpg,20240304_134727.jpg,.jpg,Low confidence match: finanzamt,NO,Review manually or add category-specific keyword/parser.
00_INBOX - Входящи - Eingang/Accounting/fwd/20250120_162838.jpg,20250120_162838.jpg,.jpg,No category keywords detected.,NO,Review manually or add category-specific keyword/parser.
00_INBOX - Входящи - Eingang/Accounting/fwd/20250120_162844.jpg,20250120_162844.jpg,.jpg,No category keywords detected.,NO,Review manually or add category-specific keyword/parser.
00_INBOX - Входящи - Eingang/Accounting/fwd/20250120_162848.jpg,20250120_162848.jpg,.jpg,No category keywords detected.,NO,Review manually or add category-specific keyword/parser.
00_INBOX - Входящи - Eingang/Accounting/fwdgutschriftundrechnungen/Zahariev Martin Rechnung 2013 05.12.2024 Scanner.doc,Zahariev Martin Rechnung 2013 05.12.2024 Scanner.doc,.doc,Low confidence match: gutschrift,NO,Review manually or add category-specific keyword/parser.
00_INBOX - Входящи - Eingang/Accounting/fwdinvoicesfor4buses/1000038649 (1).jpg,1000038649 (1).jpg,.jpg,No category keywords detected.,NO,Review manually or add category-specific keyword/parser.
00_INBOX - Входящи - Eingang/Accounting/fwdinvoicesfor4buses/1000038651.jpg,1000038651.jpg,.jpg,No category keywords detected.,NO,Review manually or add category-specific keyword/parser.
00_INBOX - Входящи - Eingang/Accounting/fwdinvoicesfor4buses/1000038655.jpg,1000038655.jpg,.jpg,No category keywords detected.,NO,Review manually or add category-specific keyword/parser.
00_INBOX - Входящи - Eingang/Accounting/fwdinvoicesfor4buses/1000038657.jpg,1000038657.jpg,.jpg,No category keywords detected.,NO,Review manually or add category-specific keyword/parser.
00_INBOX - Входящи - Eingang/Accounting/fwdkkh/KKH.pdf,KKH.pdf,.pdf,Low confidence match: kkh,NO,Review manually or add category-specific keyword/parser.
00_INBOX - Входящи - Eingang/Accounting/fwdkkh/kranken.pdf,kranken.pdf,.pdf,Low confidence match: kkh,NO,Review manually or add category-specific keyword/parser.
00_INBOX - Входящи - Eingang/Accounting/fwdpostvonihrerkkh/Anhang_0_89f2ccb8-cd44-42d1-8543-62fb154f58a2.pdf,Anhang_0_89f2ccb8-cd44-42d1-8543-62fb154f58a2.pdf,.pdf,Low confidence match: kkh,NO,Review manually or add category-specific keyword/parser.
00_INBOX - Входящи - Eingang/Accounting/fwdpostvonihrerkkh/Anhang_1_87cf7c65-857f-4504-b9cf-65144676121d.pdf,Anhang_1_87cf7c65-857f-4504-b9cf-65144676121d.pdf,.pdf,Low confidence match: kkh,NO,Review manually or add category-specific keyword/parser.
00_INBOX - Входящи - Eingang/Accounting/ihrelohnauswertungen/SEPA-List halth security.pdf,SEPA-List halth security.pdf,.pdf,Low confidence match: sepa,NO,Review manually or add category-specific keyword/parser.
00_INBOX - Входящи - Eingang/Accounting/ihrelohnauswertungen/SEPA-List salaries.pdf,SEPA-List salaries.pdf,.pdf,Low confidence match: sepa,NO,Review manually or add category-specific keyword/parser.
00_INBOX - Входящи - Eingang/Accounting/ihrelohnauswertungen/SEPA-List seizure.pdf,SEPA-List seizure.pdf,.pdf,Low confidence match: sepa,NO,Review manually or add category-specific keyword/parser.
00_INBOX - Входящи - Eingang/Accounting/ihrelohnauswertungen/working hours 06.2025  Копие.xlsx,working hours 06.2025  Копие.xlsx,.xlsx,Low confidence match: lohnauswertungen,NO,Review manually or add category-specific keyword/parser.
"00_INBOX - Входящи - Eingang/Accounting/ihrelohnauswertungen(1)/Abstimmliste (DE - SEPA, Langform) (2).pdf","Abstimmliste (DE - SEPA, Langform) (2).pdf",.pdf,Low confidence match: sepa,NO,Review manually or add category-specific keyword/parser.
00_INBOX - Входящи - Eingang/Accounting/ihrelohnauswertungen(1)/Barauszahlungswerte_O0N.pdf,Barauszahlungswerte_O0N.pdf,.pdf,Low confidence match: lohnauswertungen,NO,Review manually or add category-specific keyword/parser.
"00_INBOX - Входящи - Eingang/Accounting/ihrelohnauswertungen(1)222/Abstimmliste (DE - SEPA, Langform).pdf","Abstimmliste (DE - SEPA, Langform).pdf",.pdf,Low confidence match: sepa,NO,Review manually or add category-specific keyword/parser.
"00_INBOX - Входящи - Eingang/Accounting/ihrelohnauswertungen(2)/Abstimmliste (DE - SEPA, Langform) (1).pdf","Abstimmliste (DE - SEPA, Langform) (1).pdf",.pdf,Low confidence match: sepa,NO,Review manually or add category-specific keyword/parser.
"00_INBOX - Входящи - Eingang/Accounting/ihrelohnauswertungen(2)2/Abstimmliste (DE - SEPA, Langform).pdf","Abstimmliste (DE - SEPA, Langform).pdf",.pdf,Low confidence match: sepa,NO,Review manually or add category-specific keyword/parser.
"00_INBOX - Входящи - Eingang/Accounting/ihrelohnauswertungen(3)/Abstimmliste (DE - SEPA, Langform) (3).pdf","Abstimmliste (DE - SEPA, Langform) (3).pdf",.pdf,Low confidence match: sepa,NO,Review manually or add category-specific keyword/parser.
"00_INBOX - Входящи - Eingang/Accounting/ihrelohnauswertungen2/Abstimmliste (DE - SEPA, Langform) (2).pdf","Abstimmliste (DE - SEPA, Langform) (2).pdf",.pdf,Low confidence match: sepa,NO,Review manually or add category-specific keyword/parser.
"00_INBOX - Входящи - Eingang/Accounting/ihrelohnauswertungen2/Abstimmliste (DE - SEPA, Langform) (3).pdf","Abstimmliste (DE - SEPA, Langform) (3).pdf",.pdf,Low confidence match: sepa,NO,Review manually or add category-specific keyword/parser.
"00_INBOX - Входящи - Eingang/Accounting/ihrelohnauswertungen2/Abstimmliste (DE - SEPA, Langform).pdf","Abstimmliste (DE - SEPA, Langform).pdf",.pdf,Low confidence match: sepa,NO,Review manually or add category-specific keyword/parser.
00_INBOX - Входящи - Eingang/Accounting/ihrelohnauswertungen2024/SEPA List health securitys.pdf,SEPA List health securitys.pdf,.pdf,Low confidence match: sepa,NO,Review manually or add category-specific keyword/parser.
00_INBOX - Входящи - Eingang/Accounting/ihrelohnauswertungen2024/SEPA List salaries.pdf,SEPA List salaries.pdf,.pdf,Low confidence match: sepa,NO,Review manually or add category-specific keyword/parser.
00_INBOX - Входящи - Eingang/Accounting/ihrelohnauswertungen2024/Zoll Kitanov.pdf,Zoll Kitanov.pdf,.pdf,Low confidence match: lohnauswertungen,NO,Review manually or add category-specific keyword/parser.
"00_INBOX - Входящи - Eingang/Accounting/ihrelohnauswertungen3333/Abstimmliste (DE - SEPA, Langform).pdf","Abstimmliste (DE - SEPA, Langform).pdf",.pdf,Low confidence match: sepa,NO,Review manually or add category-specific keyword/parser.
00_INBOX - Входящи - Eingang/Accounting/ihrelohnauswertungenapril2025/SEPA-List health security.pdf,SEPA-List health security.pdf,.pdf,Low confidence match: sepa,NO,Review manually or add category-specific keyword/parser.
00_INBOX - Входящи - Eingang/Accounting/ihrelohnauswertungenapril2025/SEPA-List salaries.pdf,SEPA-List salaries.pdf,.pdf,Low confidence match: sepa,NO,Review manually or add category-specific keyword/parser.
00_INBOX - Входящи - Eingang/Accounting/ihrelohnauswertungenapril2025/SEPA-List Seizures.pdf,SEPA-List Seizures.pdf,.pdf,Low confidence match: sepa,NO,Review manually or add category-specific keyword/parser.
00_INBOX - Входящи - Eingang/Accounting/ihrelohnauswertungenapril2025/working hours 04.2025.xlsx,working hours 04.2025.xlsx,.xlsx,Low confidence match: lohnauswertungen,NO,Review manually or add category-specific keyword/parser.
"00_INBOX - Входящи - Eingang/Accounting/ihrelohnauswertungendezember2024/Abstimmliste (DE - SEPA, Langform) (1).pdf","Abstimmliste (DE - SEPA, Langform) (1).pdf",.pdf,Low confidence match: sepa,NO,Review manually or add category-specific keyword/parser.
"00_INBOX - Входящи - Eingang/Accounting/ihrelohnauswertungendezember2024/Abstimmliste (DE - SEPA, Langform) (2) (1).pdf","Abstimmliste (DE - SEPA, Langform) (2) (1).pdf",.pdf,Low confidence match: sepa,NO,Review manually or add category-specific keyword/parser.
00_INBOX - Входящи - Eingang/Accounting/ihrelohnauswertungendezember2024/Cash-Payment.pdf,Cash-Payment.pdf,.pdf,Low confidence match: lohnauswertungen,NO,Review manually or add category-specific keyword/parser.
00_INBOX - Входящи - Eingang/Accounting/ihrelohnauswertungendezember2024/working hours 12.2024.xlsx,working hours 12.2024.xlsx,.xlsx,Low confidence match: lohnauswertungen,NO,Review manually or add category-specific keyword/parser.
00_INBOX - Входящи - Eingang/Accounting/ihrelohnauswertungenfebruar2025/SEPA List salaries (2).pdf,SEPA List salaries (2).pdf,.pdf,Low confidence match: sepa,NO,Review manually or add category-specific keyword/parser.
00_INBOX - Входящи - Eingang/Accounting/ihrelohnauswertungenfebruar2025/SEPA List seizures.pdf,SEPA List seizures.pdf,.pdf,Low confidence match: sepa,NO,Review manually or add category-specific keyword/parser.
"00_INBOX - Входящи - Eingang/Accounting/ihrelohnauswertungenjanuar2024/Abstimmliste (DE - SEPA, Langform) (2).pdf","Abstimmliste (DE - SEPA, Langform) (2).pdf",.pdf,Low confidence match: sepa,NO,Review manually or add category-specific keyword/parser.
00_INBOX - Входящи - Eingang/Accounting/ihrelohnauswertungenjuli2025/Health Security.pdf,Health Security.pdf,.pdf,Low confidence match: lohnauswertungen,NO,Review manually or add category-specific keyword/parser.
00_INBOX - Входящи - Eingang/Accounting/ihrelohnauswertungenjuli2025/Lohnauswertungen_Juli_2025.pdf,Lohnauswertungen_Juli_2025.pdf,.pdf,Low confidence match: lohnauswertungen,NO,Review manually or add category-specific keyword/parser.
00_INBOX - Входящи - Eingang/Accounting/ihrelohnauswertungenjuli2025/Salaries.pdf,Salaries.pdf,.pdf,Low confidence match: lohnauswertungen,NO,Review manually or add category-specific keyword/parser.
00_INBOX - Входящи - Eingang/Accounting/ihrelohnauswertungenjuli2025/Seizures.pdf,Seizures.pdf,.pdf,Low confidence match: lohnauswertungen,NO,Review manually or add category-specific keyword/parser.
00_INBOX - Входящи - Eingang/Accounting/ihrelohnauswertungenmai2025/SEPA-List salaries.pdf,SEPA-List salaries.pdf,.pdf,Low confidence match: sepa,NO,Review manually or add category-specific keyword/parser.
00_INBOX - Входящи - Eingang/Accounting/ihrelohnauswertungenmai2025/SEPA-List seizures.pdf,SEPA-List seizures.pdf,.pdf,Low confidence match: sepa,NO,Review manually or add category-specific keyword/parser.
"00_INBOX - Входящи - Eingang/Accounting/ihrelohnauswertungenmrz2024/Abstimmliste (DE - SEPA, Langform) (4).pdf","Abstimmliste (DE - SEPA, Langform) (4).pdf",.pdf,Low confidence match: sepa,NO,Review manually or add category-specific keyword/parser.
00_INBOX - Входящи - Eingang/Accounting/ihrelohnauswertungenmrz2025/SEPA List health security.pdf,SEPA List health security.pdf,.pdf,Low confidence match: sepa,NO,Review manually or add category-specific keyword/parser.
00_INBOX - Входящи - Eingang/Accounting/ihrelohnauswertungenmrz2025/SEPA List salaries.pdf,SEPA List salaries.pdf,.pdf,Low confidence match: sepa,NO,Review manually or add category-specific keyword/parser.
00_INBOX - Входящи - Eingang/Accounting/ihrelohnauswertungenmrz2025/SEPA List seizures.pdf,SEPA List seizures.pdf,.pdf,Low confidence match: sepa,NO,Review manually or add category-specific keyword/parser.
00_INBOX - Входящи - Eingang/Accounting/kkh/20240405_165730.jpg,20240405_165730.jpg,.jpg,Low confidence match: kkh,NO,Review manually or add category-specific keyword/parser.
00_INBOX - Входящи - Eingang/Accounting/kkh/20240405_165739.jpg,20240405_165739.jpg,.jpg,Low confidence match: kkh,NO,Review manually or add category-specific keyword/parser.
"00_INBOX - Входящи - Eingang/Accounting/payroll082024/Abstimmliste (DE - SEPA, Langform) (1).pdf","Abstimmliste (DE - SEPA, Langform) (1).pdf",.pdf,Low confidence match: sepa,NO,Review manually or add category-specific keyword/parser.
00_INBOX - Входящи - Eingang/Accounting/payroll102024/SEPA - Health insurances.pdf,SEPA - Health insurances.pdf,.pdf,Low confidence match: sepa,NO,Review manually or add category-specific keyword/parser.
00_INBOX - Входящи - Eingang/Accounting/payroll102024/SEPA - payroll.pdf,SEPA - payroll.pdf,.pdf,Low confidence match: sepa,NO,Review manually or add category-specific keyword/parser.
00_INBOX - Входящи - Eingang/Accounting/payroll102024/SEPA - Pfändungen.pdf,SEPA - Pfändungen.pdf,.pdf,Low confidence match: sepa,NO,Review manually or add category-specific keyword/parser.
"00_INBOX - Входящи - Eingang/Accounting/payroll12_2023/Abstimmliste (DE - SEPA, Langform) (1).pdf","Abstimmliste (DE - SEPA, Langform) (1).pdf",.pdf,Low confidence match: sepa,NO,Review manually or add category-specific keyword/parser.
00_INBOX - Входящи - Eingang/Accounting/payroll12_2023/Pay Roll 12.2023.pdf,Pay Roll 12.2023.pdf,.pdf,Low confidence match: payroll,NO,Review manually or add category-specific keyword/parser.
00_INBOX - Входящи - Eingang/Accounting/petyastefanova/IMG-20240531-WA0000.jpeg,IMG-20240531-WA0000.jpeg,.jpeg,No category keywords detected.,NO,Review manually or add category-specific keyword/parser.
00_INBOX - Входящи - Eingang/Accounting/petyastefanova/IMG-20240531-WA0002.jpeg,IMG-20240531-WA0002.jpeg,.jpeg,No category keywords detected.,NO,Review manually or add category-specific keyword/parser.
00_INBOX - Входящи - Eingang/Accounting/petyastefanova/IMG-20240531-WA0004.jpeg,IMG-20240531-WA0004.jpeg,.jpeg,No category keywords detected.,NO,Review manually or add category-specific keyword/parser.
00_INBOX - Входящи - Eingang/Accounting/petyastefanova/IMG-20240531-WA0006.jpeg,IMG-20240531-WA0006.jpeg,.jpeg,No category keywords detected.,NO,Review manually or add category-specific keyword/parser.
00_INBOX - Входящи - Eingang/Accounting/reaokplus/20250123_111709.jpg,20250123_111709.jpg,.jpg,Low confidence match: aok,NO,Review manually or add category-specific keyword/parser.
00_INBOX - Входящи - Eingang/Accounting/reaokplus/20250123_111809.jpg,20250123_111809.jpg,.jpg,Low confidence match: aok,NO,Review manually or add category-specific keyword/parser.
00_INBOX - Входящи - Eingang/Accounting/reaokplus/20250123_111813.jpg,20250123_111813.jpg,.jpg,Low confidence match: aok,NO,Review manually or add category-specific keyword/parser.
00_INBOX - Входящи - Eingang/Accounting/reaokplus/20250123_111818.jpg,20250123_111818.jpg,.jpg,Low confidence match: aok,NO,Review manually or add category-specific keyword/parser.
00_INBOX - Входящи - Eingang/Accounting/testpayrollandworkinghours/working hours 03.2025.xlsx,working hours 03.2025.xlsx,.xlsx,Low confidence match: payroll,NO,Review manually or add category-specific keyword/parser.
00_INBOX - Входящи - Eingang/Accounting/testpayslip/10001_08-2024_Brutto_NettoProbe_00098_NZ1.pdf,10001_08-2024_Brutto_NettoProbe_00098_NZ1.pdf,.pdf,Low confidence match: payslip,NO,Review manually or add category-specific keyword/parser.
00_INBOX - Входящи - Eingang/Accounting/testpayslip/38389 - Vorgangsmappe Lohn - 38389 - Aktualisiert- Auszahlungen Inflationsprämie.xlsx,38389 - Vorgangsmappe Lohn - 38389 - Aktualisiert- Auszahlungen Inflationsprämie.xlsx,.xlsx,Low confidence match: payslip,NO,Review manually or add category-specific keyword/parser.
00_INBOX - Входящи - Eingang/Accounting/updatedworkinghoursinflationsprmie/38389 - Vorgangsmappe Lohn - Auszahlungen Inflationsprämie.xlsx,38389 - Vorgangsmappe Lohn - Auszahlungen Inflationsprämie.xlsx,.xlsx,No category keywords detected.,NO,Review manually or add category-specific keyword/parser.
00_INBOX - Входящи - Eingang/Accounting/updatedworkinghoursinflationsprmie/working hours 05.2024.xlsx,working hours 05.2024.xlsx,.xlsx,No category keywords detected.,NO,Review manually or add category-specific keyword/parser.
